id,title,title_original,director_id,release_date,mins,country,genre,imdb,youtube,youtube_title,wikipedia,famous,itunes
anna-s-meetings,Anna's Meetings,Les rendez-vous d’Anna,akerman-chantal,1978-10-09,127,France-Belgium-West Germany,Drama,http://www.imdb.com/title/tt0078152/?ref_=ttrel_rel_tt,WJu-cX26Kqs,Les rendez-vous d'Anna (1978),,1,
from-the-east,From the East,D'Est,akerman-chantal,1993-08-01,107,Belgium-France-Portugal,Documentary,http://www.imdb.com/title/tt0106642/?ref_=ttrel_rel_tt,ogdA5s81uBc,Chantal Akerman D'Est,https://en.wikipedia.org/wiki/D%27Est,1,
autumn-leaves ,Autumn Leaves ,Autumn Leaves ,aldrich-robert,1956-06-01,107,USA,Drama,http://www.imdb.com/title/tt0048967/?ref_=ttrel_rel_tt,,,,0,
interiors_1978,Interiors,Interiors,allen-woody,1978-08-02,93,USA,Drama,http://www.imdb.com/title/tt0077742/?ref_=fn_al_tt_1,2T_dGcXaqFg,Trailer,,1,
another-woman_1988,Another Woman,Another Woman,allen-woody,1988-10-14,84,USA,Drama,http://www.imdb.com/title/tt0094663/?ref_=ttrel_rel_tt,_S4o2pBBFKY,Excerpt - Another Woman (1988),,1,
short-cuts_1993,Short Cuts,Short Cuts,altman-robert,1993-09-04,189,USA,Drama,http://www.imdb.com/title/tt0108122/?ref_=ttrel_rel_tt,YK_PoMY0MOw,Short Cuts - Trailer 1993,,1,
hanoi_tuesday-13th,Hanoi  Tuesday 13th,Hanoi  martes 13,alvarez-santiago,1968-06-01,38,Cuba,Short-Documentary,http://www.imdb.com/title/tt0150818/?ref_=ttrel_rel_tt,mmvxcpN_pxo,PART ONE - Hanoi  Martes 13 (1967) - Santiago Alvarez Ramon,,1,
If_1968,If,If,anderson-lindsay,1968-12-19,111,UK,Drama,http://www.imdb.com/title/tt0063850/?ref_=ttrel_rel_tt,X_68miSOU78,Trailer,https://en.wikipedia.org/wiki/If....,1,
rushmore,Rushmore,Rushmore,anderson-wes,1998-09-17,93,USA,Comedy,http://www.imdb.com/title/tt0128445/?ref_=ttrel_rel_tt,GxCNDpvGyss,Trailer,,1,
landscape-in-the-mist,Landscape in the Mist,Topio stin omichli,angelopoulos-theo,1988-08-31,127,Greece-Italy-France,Drama,http://www.imdb.com/title/tt0096288/?ref_=ttrel_rel_tt,PVTtV5xqgM,Landscape in the Mist - Snowfall Scene,,1,
eternity-and-a-day,Eternity and a Day,Mia aioniotita kai mia mera,angelopoulos-theo,1998-05-23,132,Greece-France-Italy-Germany,Drama,http://www.imdb.com/title/tt0156794/?ref_=ttrel_rel_tt,SMOZx2xabJE,Eternity and a Day — The Unknown Neighbour,,1,
42-up,42 Up,42 Up,apted-michael,1998-07-21,139,UK,Documentary-Biography ,http://www.imdb.com/title/tt0164312/?ref_=ttrel_rel_tt,KDyWjVBeM1E,42 up 1998,https://en.wikipedia.org/wiki/Up_Series,1,
cook_1918,The Cook,The Cook ,arbuckle-roscoe_fatty,1918-09-15,22,USA,Comedy-Short ,http://www.imdb.com/title/tt0008975/?ref_=ttrel_rel_tt,ErcHze7Ydxw,The Cook (1918) -  Roscoe 'Fatty' Arbuckle & Buster Keaton,,1,
man-in-grey_1943,The Man in Grey,The Man in Grey,arliss-leslie,1943-08-06,116,UK,Drama-History-Romance,http://www.imdb.com/title/tt0036135/?ref_=nm_knf_t1,A_TekKYWBj0,Trailer,,1,
pi_1998,Pi,Pi,aronofsky-darren,1998-07-10,84,USA,Drama-Horror-Mystery,http://www.imdb.com/title/tt0138704/?ref_=ttrel_rel_tt,jo18VIoR2xU,Trailer,,1,
wrestler,The Wrestler,The Wrestler,aronofsky-darren,2008-09-05,109,USA,Drama-Sport,http://www.imdb.com/title/tt1125849/?ref_=ttrel_rel_tt,000VgBmiWZw,Trailer,,1,
late-august_early-september,Late August  Early September,Fin août  début septembre,assayas-olivier,1998-09-14,111,France,Drama-Romance ,http://www.imdb.com/title/tt0167925/?ref_=ttrel_rel_tt,p2qYzZqBd4s,"""Fin août début septembre"" d'Olivier Assayas",,1,
shadowlands_1993,Shadowlands,Shadowlands,attenborough-richard,1993-12-25,131,UK,Biography-Drama-Romance,http://www.imdb.com/title/tt0108101/?ref_=ttrel_rel_tt,zfkmfRX4X4,Trailer,,1,
love-story_douce_1943,Love Story,Douce,autant-lara-claude,1943-11-10,111,France,Romance-Drama,http://www.imdb.com/title/tt0035823/?ref_=ttrel_rel_tt,6o4PAUyy3Iw,Douce (1943) Fragment,,1,
red-hot-riding-hood,Red Hot Riding Hood,Red Hot Riding Hood,avery-tex,1943-05-08,7,USA,Animated-Comedy-Short,http://www.imdb.com/title/tt0036295/?ref_=ttrel_rel_tt,wGImmmXZUUM,Red Hot Riding Hood  (1943) Fragment,,1,
who-killed-who,Who Killed Who?,Who Killed Who?,avery-tex,1943-06-19,8,USA,Animation-Mystery-Comedy,http://www.imdb.com/title/tt0036535/?ref_=ttrel_rel_tt,BgbVEqs3HMg,Who Killed Who (1943) Fragment,,1,
night-to-remember_1958,A Night to Remember,A Night to Remember,baker-roy-ward,1958-07-01,123,UK,Biography-Drama-History,http://www.imdb.com/title/tt0051994/?ref_=ttrel_rel_tt,3ftYho4K3FQ,A Night to Remember 1958 Full Movie (HD),,1,
house-on-trubnaya-square,The House on Trubnaya Square,Dom na Trubnoy,barnet-boris,1928-08-31,64,USSR,Comedy,http://www.imdb.com/title/tt0018841/?ref_=ttrel_rel_tt,g_hI0LBiycg,Dom Na Trubnoy (1928),,1,
armageddon_1998,Armageddon ,Armageddon ,bay-michael,1998-06-30,151,USA,Action-Adventure-Sci-Fi,http://www.imdb.com/title/tt0120591/?ref_=ttrel_rel_tt,kg_jH47u480,Trailer,,1,
it-happened-at-the-inn,It Happened at the Inn,Goupi mains rouges,becker-jacques,1943-04-14,104,France,Comedy-Drama-Mystery,http://www.imdb.com/title/tt0035951/?ref_=ttrel_rel_tt,qoND_z6R4yU,Goupi Mains Rouges - Bande annonce du film,,1,
three-waltzes,Three Waltzes,Les trois valses,berger-ludwig,1938-12-14,90,France,Musical,http://www.imdb.com/title/tt0030896/?ref_=ttrel_rel_tt,qrS2dTxPx64,Yvonne PRINTEMPS dans le fim TROIS VALSES (1938) extrait,,1,
port-of-call_hamnstad,Port of Call,Hamnstad,bergman-ingmar,1948-10-11,100,Sweden,Drama,http://www.imdb.com/title/tt0040418/?ref_=ttrel_rel_tt,ShjEkHg9oK0,Fragment,,1,
magician_ansiktet,The Magician,Ansiktet,bergman-ingmar,1958-12-26,102,Sweden,Drama,http://www.imdb.com/title/tt0051365/?ref_=ttrel_rel_tt,UBPTo8dQ4lo,The Magician - montage,,1,
shame_skammen,Shame,Skammen,bergman-ingmar,1968-09-28,103,Sweden,War-Drama,http://www.imdb.com/title/tt0063611/?ref_=ttrel_rel_tt,wHpTmZYL9JM,Ingmar Bergman - Shame (1968 film) - The boat sequences,,1,
autumn-sonata_1978,Autumn Sonata,Höstsonaten,bergman-ingmar,1978-10-08,99,Sweden-France-West Germany,Drama,http://www.imdb.com/title/tt0077711/?ref_=ttrel_rel_tt,CxA94uSQ-t0,Autumn Sonata 1978 - Ingrid Bergman Liv Ullmann,,1,
partner_1968,Partner,Partner,bertolucci-bernardo,1968-09-23,105,Italy,Drama,http://www.imdb.com/title/tt0063414/?ref_=ttrel_rel_tt,A2SSJUV_8wY,Bertolucci Partner - mov,,1,
hurt-locker,The Hurt Locker,The Hurt Locker,bigelow-kathryn,2008-09-04,130,USA,Action-Drama-War,http://www.imdb.com/title/tt0887912/?ref_=fn_al_tt_1,AIbFvqFYRT4,Trailer,,1,
pretty-poison_1968,Pretty Poison,Pretty Poison,black-noel,1968-07-19,89,USA,Comedy-Crime-Romance,http://www.imdb.com/title/tt0063456/?ref_=ttrel_rel_tt,w1W8rWTCOTU,Trailer,,1,
always-for-pleasure,Always for Pleasure,Always for Pleasure,blank-les,1978-05-02,58,USA,Documentary,http://www.imdb.com/title/tt0077154/?ref_=fn_tt_tt_1,1Plmw36D-E,Trailer,,1,
block-heads,Block-Heads,Block-Heads,blystone-john-g,1938-08-19,57,USA,Comedy-War,http://www.imdb.com/title/tt0029923/?ref_=ttrel_rel_tt,QEOTyI8gSfM,Block Heads 1938,,1,
buchanan-rides-alone,Buchanan Rides Alone,Buchanan Rides Alone,boetticher-budd,1958-08-01,78,USA,Drama-Western,http://www.imdb.com/title/tt0051437/?ref_=ttrel_rel_tt,rHFFO3qe4Ic,Trailer,,1,
targets_1968,Targets,Targets,bogdanovich-peter,1968-08-13,90,USA,Thriller ,http://www.imdb.com/title/tt0063671/?ref_=ttrel_rel_tt,BMzcionske8,Trailer,,1,
general_1998,The General,The General,boorman-john,1998-05-19,124,UK-Ireland,Biography-Crime-Drama,http://www.imdb.com/title/tt0120706/?ref_=ttrel_rel_tt,srSNhZ8XKnE,Trailer,,1,
street-angel,Street Angel,Street Angel,borzage-frank,1928-04-09,102,USA,Drama,http://www.imdb.com/title/tt0019429/?ref_=ttrel_rel_tt,pvrACUconzM,Street angel (1928) Frank Borzage,,1,
three-comrades_1938,Three Comrades,Three Comrades,borzage-frank,1938-06-02,98,USA,Drama-Romance ,http://www.imdb.com/title/tt0030865/?ref_=ttrel_rel_tt,PVSS9vIv6OY,Trailer,,1,
shining-hour_1938,The Shining Hour,The Shining Hour,borzage-frank,1938-11-18,76,USA,Drama,http://www.imdb.com/title/tt0030743/?ref_=ttrel_rel_tt,MFgXITQjcZA,Trailer,,1,
his-butlers-s-sister,His Butler's Sister,His Butler's Sister,borzage-frank,1943-11-26,94,USA,Comedy-Romance,http://www.imdb.com/title/tt0036001/?ref_=ttrel_rel_tt,beGN_NrLfeI,Deanna Durbin ~ In The Spirit of the Moment [from His Butler's Sister],,1,
moonrise_1948,Moonrise,Moonrise,borzage-frank,1948-10-01,90,USA,Crime-Drama-Film-Noir,http://www.imdb.com/title/tt0040607/?ref_=ttrel_rel_tt,wJ52iwHBlYo,Moonrise - Frank Borzage (1948) - Opening Scene,,1,
slumdog-millionaire,Slumdog Millionaire,Slumdog Millionaire,boyle-danny,2008-08-30,120,UK,Crime-Drama-Romance,http://www.imdb.com/title/tt1010048/?ref_=ttrel_rel_tt,kuSTr48P9mc,Trailer,,1,
angels-of-sin,Angels of Sin,Les anges du péché,bresson-robert,1943-06-23,90,France,Drama,http://www.imdb.com/title/tt0035636/?ref_=ttrel_rel_tt,q_9DmF9sdC4,Les Anges Du Peche - Robert Bresson (1943) - Part 1,,1,
midnight-run,Midnight Run,Midnight Run,brest-martin,1988-07-10,122,USA,Crime-Comedy,http://www.imdb.com/title/tt0095631/?ref_=ttrel_rel_tt,Vg0xgQ_4,Trailer,,1,
sound-and-fury,Sound and Fury,De bruit et de fureur,brisseau-jean-claude,1988-05-01,95,France,Drama,http://www.imdb.com/title/tt0094959/?ref_=ttrel_rel_tt,YhszHmvq5uU,Trailer,,1,
cat-on-a-hot-tin-roof_1958,Cat on a Hot Tin Roof,Cat on a Hot Tin Roof,brooks-richard ,1958-09-18,108,USA,Drama,http://www.imdb.com/title/tt0051459/?ref_=ttrel_rel_tt,AzogcorjLOI,Trailer,,1,
killer-of-sheep,Killer of Sheep,Killer of Sheep,burnett-charles,1978-11-14,83,USA,Drama,http://www.imdb.com/title/tt0076263/?ref_=ttrel_rel_tt,XtpbPKOnt6U,Trailer,,1,
pee-wee-s-big-adventure,Pee-wee's Big Adventure,Pee-wee's Big Adventure,burton-tim,1985-07-26,90,USA,Comedy-Adventure-Family,http://www.imdb.com/title/tt0089791/?ref_=ttrel_rel_tt,,,,0,
piano_1993,The Piano,The Piano,campion-jane,1993-05-15,121,New Zealand-Australia-France,History-Drama-Romance,http://www.imdb.com/title/tt0107822/?ref_=ttrel_rel_tt,cyTn4XIYH8M,Trailer,,1,
class_2008,The Class,Entre les murs,cantet-laurent,2008-05-24,128,France,Drama,http://www.imdb.com/title/tt1068646/?ref_=ttrel_rel_tt,lq5qNzm3w-U,Trailer,,1,
you-can-t-take-it-with-you,You Can't Take it with You,You Can't Take it with You,capra-frank,1938-08-31,127,USA,Comedy-Romance,http://www.imdb.com/title/tt0030993/?ref_=ttrel_rel_tt,kYhZaunZ92M,You Can't Take it With You - Hungarian dance,,1,
state-of-the-union,State of the Union,State of the Union,capra-frank,1948-04-22,124,USA,Comedy-Drama,http://www.imdb.com/title/tt0040834/?ref_=ttrel_rel_tt,mn4eS8ih4c,Trailer,,1,
port-of-shadows,Port of Shadows,Le quai des brumes,carne-marcel,1938-05-18,91,France,Drama,http://www.imdb.com/title/tt0030643/?ref_=ttrel_rel_tt,oNXX496tGJE,Trailer,,1,
hotel-du-nord,Hotel du Nord,Hôtel du Nord,carne-marcel,1938-12-18,90,France,Drama,http://www.imdb.com/title/tt0030252/?ref_=ttrel_rel_tt,YTGuHFqiFNY,Trailer,,1,
halloween_1978,Halloween,Halloween,carpenter-john,1978-10-24,93,USA,Horror-Thriller,http://www.imdb.com/title/tt0077651/?ref_=ttrel_rel_tt,n72XUX96078,Trailer,,1,
they-live,They Live,They Live,carpenter-john,1988-11-04,93,USA,Science-Fiction-Thriller-Action,http://www.imdb.com/title/tt0096256/?ref_=ttrel_rel_tt,MgzPDrJmob4,Trailer,,1,
this-boy-s-life,This Boy's Life,This Boy's Life,caton-jones-michael,1993-04-09,115,USA,Biography-Drama,http://www.imdb.com/title/tt0108330/?ref_=ttrel_rel_tt,ChdiJANR4N0,Trailer,,1,
three-monkeys,Three Monkeys,Üç Maymun,ceylan-nuri-bilge,2008-05-16,109,Turkey-France-Italy,Drama,http://www.imdb.com/title/tt1233381/?ref_=ttrel_rel_tt,IRxWapa3Rds,Trailer,,1,
le-beau-serge,Le Beau Serge,Le Beau Serge,chabrol-claude,1958-06-06,98,France,Drama,http://www.imdb.com/title/tt0051404/?ref_=ttrel_rel_tt,6dhfkePzuGA,Trailer,,1,
cairo-station,Cairo Station,Bab el hadid,chahine-youssef,1958-06-30,76,Egypt,Crime-Drama,http://www.imdb.com/title/tt0051390/?ref_=ttrel_rel_tt,JYAG_Gi2iDA,CAIRO STATION,,1,
shoulder-arms,Shoulder Arms,Shoulder Arms,chaplin-charles,1918-10-20,45,USA,Comedy-War,http://www.imdb.com/title/tt0009611/?ref_=ttrel_rel_tt,DreRVw9mXlI,Charlie Chaplin - Disguised as a Tree - Shoulder Arms (clip),,1,
deer-hunter,The Deer Hunter,The Deer Hunter,cimino-michael,1978-12-07,183,USA,War-Drama,http://www.imdb.com/title/tt0077416/?ref_=ttrel_rel_tt,pHe--yMAbAU,Trailer,,1,
paris-asleep,Paris Asleep,Paris qui dort,clair-rene,1924-12-26,35,France,Short-Sci-Fi,http://www.imdb.com/title/tt0015214/?ref_=ttrel_rel_tt,Wcakn-Ruz7g,paris qui dort renè clair 1925 ziZ 2012,,1,
raven_1943,The Raven,Le Corbeau,clouzot-henri-georges,1943-09-27,92,France,Mystery-Drama-Thriller,http://www.imdb.com/title/tt0035753/?ref_=ttrel_rel_tt,IJFNPRr7-HQ,Trailer,,1,
storm-within,Les parents terribles,The Storm Within,cocteau-jean,1948-12-01,95,France,Drama,http://www.imdb.com/title/tt0040682/?ref_=ttrel_rel_tt,NGZimEVoN-U,Trailer,,1,
long-day-s-dying,The Long Day's Dying,The Long Day's Dying,collinson-peter,1968-05-01,95,UK,Drama-War,http://www.imdb.com/title/tt0063237/?ref_=ttrel_rel_tt,gkDy84XDF2I,Trailer,,1,
tombstone_1993,Tombstone,Tombstone,cosmatos-george-p,1993-12-25,130,USA,Western-Biography-Drama,http://www.imdb.com/title/tt0108358/?ref_=ttrel_rel_tt,XTWYKf5hXIg,Trailer,,1,
down-to-earth_1994,Down to Earth,Casa de Lava,costa-pedro,1994-11-13,110,Portugal-France-Germany,Drama,http://www.imdb.com/title/tt0109384/?ref_=ttrel_rel_tt,,,,1,
fiend-without-a-face ,Fiend Without a Face ,Fiend Without a Face ,crabtree-arthur,1958-07-03,75,UK,Horror-Sci-Fi,http://www.imdb.com/title/tt0050393/?ref_=ttrel_rel_tt,rTLRyLnqCH4,Trailer,,1,
fish-called-wanda,A Fish Called Wanda ,A Fish Called Wanda ,crichton-charles,1988-07-06,108,UK,Romance-Crime-Comedy,http://www.imdb.com/title/tt0095159/?ref_=ttrel_rel_tt,eRCQs-nqoYo,Trailer,,1,
dead-ringers_1988,Dead Ringers,Dead Ringers,cronenberg-david,1988-09-07,115,Canada,Thriller-Horror-Drama,http://www.imdb.com/title/tt0094964/?ref_=ttrel_rel_tt,ZHbu3msmes,Trailer,,1,
holiday_1938,Holiday,Holiday,cukor-george,1938-05-24,93,USA,Comedy,http://www.imdb.com/title/tt0030241/?ref_=ttrel_rel_tt,ziEQlasGhV8,"""You'd better run on down now"" - Katharine Hepburn and Cary Grant dance in the new year",,1,
angels-with-dirty-faces,Angels with Dirty Faces,Angels with Dirty Faces,curtiz-michael,1938-11-26,97,USA,Crime,http://www.imdb.com/title/tt0029870/?ref_=ttrel_rel_tt,2FiBruBgsHg,Trailer,,1,
king-creole,King Creole,King Creole,curtiz-michael,1958-07-02,116,USA,Musical-Drama-Crime,http://www.imdb.com/title/tt0051818/?ref_=ttrel_rel_tt,fy3juYtrhGU,Trailer,,1,
adventures-of-robin-hood,The Adventures of Robin Hood,The Adventures of Robin Hood,curtiz-michael keighley-william,1938-05-13,102,USA,Adventure,http://www.imdb.com/title/tt0029843/?ref_=ttrel_rel_tt,n3hDAaxHNjs,Trailer,,1,
auntie-mame,Auntie Mame,Auntie Mame,da-costa-morton ,1958-12-04,143,USA,Comedy-Drama-Romance,http://www.imdb.com/title/tt0051383/?ref_=ttrel_rel_tt,2gsRMtl70aQ,Trailer,,1,
red-rock-west,Red Rock West,Red Rock West,dahl-john,1993-05-14,98,USA,Thriller-Crime,http://www.imdb.com/title/tt0105226/?ref_=ttrel_rel_tt,rqlGO7rYhwY,Trailer,,1,
distant-voices_still-lives,Distant Voices  Still Lives,Distant Voices  Still Lives,davies-terence,1988-05-12,85,UK,Drama,http://www.imdb.com/title/tt0095037/?ref_=ttrel_rel_tt,et-x9DP56XE,Trailer,,1,
of-time-and-the-city,Of Time and the City,Of Time and the City,davies-terence,2008-05-19,74,UK,Documentary-Biography ,http://www.imdb.com/title/tt1232790/?ref_=ttrel_rel_tt,RHF3FR1IWUw,Trailer,,1,
haunted-strangler,The Haunted Strangler,Grip of the Strangler,day-robert,1958-07-03,78,UK,Crime-Mystery-Horror,http://www.imdb.com/title/tt0051706/?ref_=ttrel_rel_tt,RT5JJevROdg,Trailer,,1,
electric-hotel,The Electric Hotel,El Hotel eléctrico,de-chomon-segundo,1908-10-31,8,Spain-France,Short,http://www.imdb.com/title/tt0000516/?ref_=ttrel_rel_tt,V9reDgU4VpI,Segundo de Chomón - Electric Hotel (1908),,1,
carlito-s-way,Carlito's Way,Carlito's Way,de-palma-brian,1993-11-07,144,USA,Drama-Crime,http://www.imdb.com/title/tt0106519/?ref_=fn_al_tt_1,omqsrminbfs,Trailer,,1,
bicycle-thieves,Bicycle Thieves,Ladri di biciclette,de-sica-vittorio,1948-11-23,90,Italy,Drama,http://www.imdb.com/title/tt0040522/?ref_=ttrel_rel_tt,oqib1EaY5G8,Trailer,,1,
pitfall_1948,Pitfall,Pitfall,de-toth-andre,1948-08-11,86,USA,Crime-Film-Noir-Thriller ,http://www.imdb.com/title/tt0040695/?ref_=ttrel_rel_tt,v5IBCzVDgPI,Trailer,,1,
saraband-for-dead-lovers,Saraband for Dead Lovers,Saraband for Dead Lovers,dearden-basil,1948-09-08,96,UK,Biography-Drama-History,http://www.imdb.com/title/tt0040758/?ref_=ttrel_rel_tt,3l16xwZoUo,Trailer,,1,
eternal-return_1943,"The Eternal Return,",L'éternel retour,delannoy-jean,1943-10-13,107,France,Drama-Romance,http://www.imdb.com/title/tt0036566/?ref_=ttrel_rel_tt,UFvMOjR5umQ,Trailer,,1,
married-to-the-mob,Married to the Mob,Married to the Mob,demme-jonathan,1988-08-11,104,USA,Comedy-Crime-Romance,http://www.imdb.com/title/tt0095593/?ref_=ttrel_rel_tt,_rt6ehpAh3s,Trailer,,1,
philadelphia_1993,Philadelphia,Philadelphia,demme-jonathan,1993-12-14,125,USA,Drama,http://www.imdb.com/title/tt0107818/?ref_=ttrel_rel_tt,l433n5zAxAU,Trailer,,1,
rachel-getting-married,Rachel Getting Married,Rachel Getting Married,demme-jonathan,2008-09-03,113,USA,Drama-Romance ,http://www.imdb.com/title/tt1084950/?ref_=ttrel_rel_tt,hu2oziH7His,Trailer,,1,
chocolat_1988,Chocolat ,Chocolate,denis-claire,1988-05-18,105,France,Drama,http://www.imdb.com/title/tt0094868/?ref_=ttrel_rel_tt,4WZtz0pjEbY,Chocolat Shower Scene,,1,
35-rhums,35 Shots of Rum,35 rhums,denis-claire,2008-09-01,101,France-Germany,Drama,http://www.imdb.com/title/tt1100048/?ref_=ttrel_rel_tt,PPDvNGruo2Y,Trailer,,1,
christmas-tale_2008,A Christmas Tale,Un conte de Noël,desplechin-arnaud,2008-05-16,150,France,Comedy-Drama,http://www.imdb.com/title/tt0993789/?ref_=ttrel_rel_tt,Hyqioj2GNbQ,Trailer,,1,
dossier-51,Dossier 51,Le dossier 51,deville-michel,1978-05-21,108,France-West Germany,Crime-Drama,http://www.imdb.com/title/tt0176666/?ref_=ttrel_rel_tt,kTXiEA8xAYE,Trailer,,1,
devil-and-daniel-webster,The Devil and Daniel Webster,All That Money Can Buy,dieterle-william,1941-10-16,107,USA,Comedy-Drama-Fantasy,http://www.imdb.com/title/tt0033532/?ref_=ttrel_rel_tt,,,,0,
portrait-of-jennie,Portrait of Jennie,Portrait of Jennie,dieterle-william,1948-12-24,86,USA,Romance-Fantasy-Mystery,http://www.imdb.com/title/tt0040705/?ref_=ttrel_rel_tt,1tWmp0VsIDg,Trailer,,1,
warlock_1959,Warlock,Warlock,dmytryk-edward,1959-04-01,121,USA,Western,http://www.imdb.com/title/tt0053434/?ref_=ttrel_rel_tt,,,,0,
superman_1978,Superman,Superman,donner-richard,1978-12-10,143,USA,Science-Fiction-Action-Adventure,http://www.imdb.com/title/tt0078346/?ref_=ttrel_rel_tt,grO4OcJ6cgY,Trailer,,1,
apartment-zero,Apartment Zero,Apartment Zero,donovan-martin,1988-09-30,124,UK,Drama-Thriller,http://www.imdb.com/title/tt0094667/?ref_=ttrel_rel_tt,sooiDCFtzS0,Apartment Zero - part 1,,1,
childhood-of-maxim-gorky,The Childhood of Maxim Gorky,Detstvo Gorkogo,donskoi-mark,1938-06-17,99,USSR,Drama-Biography,http://www.imdb.com/title/tt0030055/?ref_=ttrel_rel_tt,ADcqytnvZls,The Childhood of Maxim Gorky (1938) movie,,1,
zvenigora,Zvenigora,Zvenigora,dovzhenko-alexander,1928-04-12,90,USSR,Drama,http://www.imdb.com/title/tt0019611/?ref_=ttrel_rel_tt,4PDjyzUjbuo,Fragment,,1,
no-more-excuses,No More Excuses,No More Excuses,downey-sr-robert,1968-05-21,62,USA,Comedy,http://www.imdb.com/title/tt0251300/?ref_=ttrel_rel_tt,d_kd044Ca0M,Robert Downey Sr. and Paul Thomas Anderson on No More Excuses - criterioncollection,,1,
passion-of-joan-of-arc,The Passion of Joan of Arc,La passion de Jeanne d'Arc,dreyer-carl-theodor,1928-04-21,110,France,History-Drama-Biography,http://www.imdb.com/title/tt0019254/?ref_=ttrel_rel_tt,C4_KDf4xhU8,The Passion of Joan of Arc - Has God Made You Promises?,,1,
day-of-wrath,Day of Wrath,Vredens dag,dreyer-carl-theodor,1943-11-12,110,Denmark,Drama,http://www.imdb.com/title/tt0036506/?ref_=ttrel_rel_tt,YUuvhGg5ZN8,"""Dies irae"" di Carl Theodor Dreyer (1943)",,1,
they-caught-the-ferry,They Caught the Ferry,De nåede færgen,dreyer-carl-theodor,1948-05-12,11,Denmark,Short,http://www.imdb.com/title/tt0040275/?ref_=ttrel_rel_tt,hLltZFtRm-k,De nåede færgen - Carl Theodor Dreyer - 1948 (They Caught the Ferry),,1,
yellow-submarine,Yellow Submarine,Yellow Submarine,dunning-george,1968-07-16,85,UK,Musical-Animated-Adventure,http://www.imdb.com/title/tt0063823/?ref_=ttrel_rel_tt,vefJAtG-ZKI,Trailer,,1,
bird_1988,Bird,Bird,eastwood-clint,1988-05-21,160,USA,Biography-Drama-Music,http://www.imdb.com/title/tt0094747/?ref_=ttrel_rel_tt,Tl0jBqqqxuY,Trailer,,1,
perfect-world_1993,A Perfect World,A Perfect World,eastwood-clint,1993-11-24,137,USA,Drama-Crime,http://www.imdb.com/title/tt0107808/?ref_=ttrel_rel_tt,_Qm-UhA3b4g,Trailer,,1,
gran-torino,Gran Torino,Gran Torino,eastwood-clint,2008-12-09,116,USA,Drama,http://www.imdb.com/title/tt1205489/?ref_=ttrel_rel_tt,RMhbr2XQblk,Trailer,,1,
party_1968,The Party,The Party,edwards-blake,1968-04-03,99,USA,Comedy,http://www.imdb.com/title/tt0063415/?ref_=ttrel_rel_tt,SU9s8L7Sewg,Trailer,,1,
calendar_1993,Calendar,Calendar,egoyan-atom,1993-06-03,75,Canada-Armenia-Germany,Drama,http://www.imdb.com/title/tt0106504/?ref_=ttrel_rel_tt,6MXOy5hJLOU,Calendar | Օրացույց,,1,
alexander-nevsky,Alexander Nevsky,Aleksandr Nevskiy,eisenstein-sergei,1938-11-25,107,USSR,War-History-Biography,http://www.imdb.com/title/tt0029850/?ref_=ttrel_rel_tt,LpVtoUFKZ7w,Alexander Nevsky (1938) movie,,1,
sleepless-in-seattle,Sleepless in Seattle,Sleepless in Seattle,ephron-nora,1993-06-25,104,USA,Romance-Comedy,http://www.imdb.com/title/tt0108160/?ref_=ttrel_rel_tt,/-Lj2U-cmyek,Trailer,,1,
fall-of-the-house-of-usher_1928,The Fall of the House of Usher,La chute de la maison Usher,epstein-jean,1928-10-05,63,France,Drama-Horror,http://www.imdb.com/title/tt0018770/?ref_=ttrel_rel_tt,wyhLYIk_E_E,Jean Epstein - La Chute de la maison Usher (1928),,1,
there-s-something-about-mary,There's Something About Mary,There's Something About Mary,farrelly-bob  farrelly-peter,1998-07-15,119,USA,Romance-Comedy,http://www.imdb.com/title/tt0129387/?ref_=ttrel_rel_tt,eGjXwDYpOLE,Trailer,,1,
in-a-year-with-13-moons,In a Year with 13 Moons,In einem Jahr mit 13 Monden,fassbinder-rainer-werner,1978-11-16,129,West Germany,Drama,http://www.imdb.com/title/tt0077729/?ref_=ttrel_rel_tt,pgIRp941Yso,Rainer Werner Fassbinder - In a Year of 13 Moons (excerpt),,1,
lonesome_1928,Lonesome,Lonesome,fejos-pal,1928-06-20,69,USA,Romance-Drama-Comedy,http://www.imdb.com/title/tt0019109/?ref_=ttrel_rel_tt,dDiprtvbp9Y,A few moments from LONESOME (1928),,1,
orchestra-rehearsal,Orchestra Rehearsal,Prova d'orchestra,fellini-federico,1978-12-04,70,Italy-West Germany,Comedy-Drama-Music,http://www.imdb.com/title/tt0079759/?ref_=ttrel_rel_tt,sF9Xqa5wt-o,Federico Fellini - Prova d'orchestra (excerpt),,1,
life-head_1958,Life Ahead,La vida por delante,fernan-gomez-fernando,1958-09-15,90,Spain,Comedy ,http://www.imdb.com/title/tt0051163/?ref_=ttrel_rel_tt,ooyp_Uwp4uU,La vida por delante [1958],,1,
new-rose-hotel,New Rose Hotel,New Rose Hotel,ferrara-abel,1998-09-09,93,USA,Drama-Mystery-Science-Fiction,http://www.imdb.com/title/tt0133122/?ref_=ttrel_rel_tt,yVGJvrnm6hs,Trailer,,1,
big-feast_la-grande-bouffe,The Big Feast,La grande bouffe,ferreri-marco,1973-05-21,125,France-Italy,Drama-Comedy,http://www.imdb.com/title/tt0070130/?ref_=ttrel_rel_tt,cuqZlOHnJNw,Trailer,,0,
tih-minh,Tih Minh,Tih Minh,feuillade-louis,1918-11-30,418,France,Adventure-Mystery,http://www.imdb.com/title/tt0009701/?ref_=ttrel_rel_tt,Kiv4FEzTzS0,Compression Tih Minh I à XII de Louis Feuillade (2013) by Gérard Courant,,1,
dracula_1958,Dracula ,Dracula ,fisher-terence,1958-05-07,82,UK,Horror,http://www.imdb.com/title/tt0051554/?ref_=ttrel_rel_tt,MDTxHg7wyP0,Dracula (1958) - BFI Restoration Trailer (2007),,1,
devil-rides-out,The Devil Rides Out,The Devil's Bride,fisher-terence,1968-07-20,96,UK,Horror ,http://www.imdb.com/title/tt0062885/?ref_=ttrel_rel_tt,LCZnuo1vuWU,Trailer,,1,
louisiana-story,Louisiana Story,Louisiana Story,flaherty-robert,1948-09-28,77,USA,Documentary-Drama,http://www.imdb.com/title/tt0040550/?ref_=ttrel_rel_tt,efCDe-ZH-Dk,Excerpt from LOUISIANA STORY,,1,
vikings_1958,The Vikings,The Vikings,fleischer-richard,1958-06-11,114,USA,History-Adventure-Action,http://www.imdb.com/title/tt0052365/?ref_=ttrel_rel_tt,ForGFYIPvR4,Trailer,,1,
guy-named-joe,A Guy Named Joe,A Guy Named Joe,fleming-victor,1943-12-24,120,USA,Drama-Romance-War,http://www.imdb.com/title/tt0035959/?ref_=ttrel_rel_tt,kRKRb7qjCus,Trailer,,1,
waltz-with-bashir,Waltz with Bashir,Vals Im Bashir,folman-ari,2008-05-15,90,Israel-France-Germany-USA-Japan-Finland-Switzerland-Belgium-Australia,Animated-Biography-Documentary,http://www.imdb.com/title/tt1185616/?ref_=nm_knf_t1,XbXdwBNkCmk,Trailer,,1,
3-godfathers,3 Godfathers,Three Godfathers,ford-john,1948-11-25,106,USA,Drama-Western,http://www.imdb.com/title/tt0040064/?ref_=ttrel_rel_tt,GqlUqWH17AI,Trailer,,1,
last-hurrah_1958,The Last Hurrah,The Last Hurrah,ford-john,1958-10-22,121,USA,Comedy-Drama,http://www.imdb.com/title/tt0051845/?ref_=ttrel_rel_tt,u-iEl1EzU88,Trailer,,1,
ten-minutes-older,Ten Minutes Older,Par desmit minutem vecaks,frank-herz,1978-05-11,10,USSR,Documentary-Short,http://www.imdb.com/title/tt1018920/?ref_=ttrel_rel_tt,OVY2iuNfjHk,Ten Minutes Older,,1,
dangerous-liaisons_1988,Dangerous Liaisons,Dangerous Liaisons,frears-stephen,1988-12-10,120,USA,Romance-Drama,http://www.imdb.com/title/tt0094947/?ref_=ttrel_rel_tt,dO3U2dBwuWA,,,1,
captain-fracasse,Captain Fracasse,Le capitaine Fracasse,gance-abel,1943-06-19,108,France-Italy,Drama,http://www.imdb.com/title/tt0034575/?ref_=ttrel_rel_tt,bUbc-AyhmsA,Trailer,,1,
secret-son,The Secret Son,L'enfant secret,garrel-philippe,1979-01-01,,France,Romance-Drama,http://www.imdb.com/title/tt0085489/?ref_=ttrel_rel_tt,PvIARfZRm44,Excerpt from L'Enfant secret (1982),,0,
birth-of-love_la-naissance-de-l-amour,The Birth of Love,La naissance de l'amour,garrel-philippe,1993-09-01,94,France-Switzerland,Drama,http://www.imdb.com/title/tt0107652/?ref_=ttrel_rel_tt,FeBybFi1_Z4,Hommage à Raoul Coutard #5 - La Naissance de l'amour (1993),,1,
gomorrah,Gomorrah,Gomorra,garrone-matteo,2008-05-16,137,Italy,Crime-Drama,http://www.imdb.com/title/tt0929425/?ref_=ttrel_rel_tt,MYS-hNf8_VQ,Trailer,,1,
birds-in-peru,Birds in Peru,Les oiseaux vont mourir au Pérou,gary-romain,1968-06-20,95,France,Drama,http://www.imdb.com/title/tt0063383/?ref_=ttrel_rel_tt,VqtYIXBcHgY,Birds in Peru (starring Jean Seberg) - 89 minutes,,1,
young-guard,The Young Guard,Molodaya gvardiya,gerasimov-sergei,1948-10-18,189,USSR,Drama-War ,http://www.imdb.com/title/tt0040601/?ref_=ttrel_rel_tt,PnJUHwJXV2E,Molodaya gvardiya (1948) episode,,1,
my-friend-ivan-lapshin,My Friend Ivan Lapshin,Moy drug Ivan Lapshin,german-aleksey,1985-01-01,100,USSR,Drama,http://www.imdb.com/title/tt0084345/?ref_=ttrel_rel_tt,,,,0,
khrustalyov_my-car_,Khrustalyov  My Car!,Khrustalyov  mashinu!,german-aleksey,1998-05-20,137,Russia,Drama,http://www.imdb.com/title/tt0156701/?ref_=ttrel_rel_tt,VGOJ1aE9SMI,Khrustalyov  My Car! Full Movie ,,1,
pathetic-fallacy_ajantrik,The Pathetic Fallacy,Ajantrik,ghatak-ritwik,1958-05-23,120,India,Drama,http://www.imdb.com/title/tt0051343/?ref_=ttrel_rel_tt,gxK4xPTIb4I,A scene from Ritwik Ghatak's Ajantrik,,1,
fear-and-loathing-in-las-vegas,Fear and Loathing in Las Vegas,Fear and Loathing in Las Vegas,gilliam-terry,1998-05-15,118,USA,Drama-Comedy,http://www.imdb.com/title/tt0120669/?ref_=ttrel_rel_tt,8m662obIvhY,Trailer,,1,
thirty-two-short-films-about-glenn-gould,Thirty Two Short Films About Glenn Gould,Thirty Two Short Films About Glenn Gould,girard-francois,1993-09-07,93,Canada,Documentary-Biography,http://www.imdb.com/title/tt0108328/?ref_=ttrel_rel_tt,EcSJbb7C_xo,Thirty Two Short Films about Glenn Gould (1993) - Extract,,1,
negotiator_1998,The Negotiator,The Negotiator,gray-f-gary,1998-07-29,140,Germany-USA,Action-Crime-Drama,http://www.imdb.com/title/tt0120768/?ref_=ttrel_rel_tt,LJ1pS1W0XXg,Trailer,,1,
two-lovers_2008,Two Lovers,Two Lovers,gray-james,2008-05-19,110,USA-France,Drama-Romance,http://www.imdb.com/title/tt1103275/?ref_=ttrel_rel_tt,SNmuQkjT2XI,Trailer,,1,
drowning-by-numbers,Drowning by Numbers,Drowning by Numbers,greenaway-peter,1988-09-10,118,UK,Comedy-Drama,http://www.imdb.com/title/tt0092929/?ref_=ttrel_rel_tt,kTq0C1jTmks,Drowning by numbers - Planificación para actores,,1,
misdeal_1928,Misdeal,Maldone,gremillon-jean,1928-09-14,102,France,Drama,http://www.imdb.com/title/tt0019127/?ref_=ttrel_rel_tt,i2Uw4-L5siY,Jean Grémillon - Maldonne (1928),,1,
strange-mr-victor,Strange Mr Victor,L'étrange Monsieur Victor,gremillon-jean,1938-05-04,103,France-Germany,Crime-Drama,http://www.imdb.com/title/tt0029826/?ref_=ttrel_rel_tt,1kNYDguxrsk,l'Etrange monsieur victor - Bande annonce,,1,
lumiere-d-ete,Lumière d’été,Lumière d’été,gremillon-jean,1943-05-26,112,France,Drama,http://www.imdb.com/title/tt0035001/?ref_=tt_rt,xPwDZho7gMQ,Jean Grémillon - Lumière d'été (1943),,1,
memories-of-underdevelopment,Memories of Underdevelopment,Memorias del subdesarrollo,gutierrez-alea-tomas,1968-06-02,97,Cuba,Political-Romance-Drama,http://www.imdb.com/title/tt0063291/?ref_=ttrel_rel_tt,_eEkHVI9T4Y,Memorias del subdesarrollo -- Telescopio,,1,
strawberry-and-chocolate,Strawberry and Chocolate,Fresa y chocolate,gutierrez-alea-tomas,1993-12-01,110,Cuba,Romance-Comedy-Drama,http://www.imdb.com/title/tt0106966/?ref_=ttrel_rel_tt,4nUYNd33GyE,CLIP FOR STRAWBERRY AND CHOCOLATE,,1,
what-s-eating-gilbert-grape,What's Eating Gilbert Grape,What's Eating Gilbert Grape,hallstrom-lasse,1993-10-01,117,USA,Drama,http://www.imdb.com/title/tt0108550/?ref_=ttrel_rel_tt,wpSGFets1oM,Trailer,,1,
pictures-of-the-old-world,Pictures of the Old World,Obrazy starého sveta,hanak-dusan,1972-04-24,74,Czechoslovakia,Documentary ,http://www.imdb.com/title/tt0171587/?ref_=nm_knf_t1,,,,0,
lion-in-winter_1968,The Lion in Winter,The Lion in Winter,harvey-anthony,1968-10-30,135,UK,Biography-History-Drama,http://www.imdb.com/title/tt0063227/?ref_=ttrel_rel_tt,fKoYHKpCSc4,Trailer,,1,
red-river,Red River,Red River,hawks-howard,1948-08-24,133,USA,Western,http://www.imdb.com/title/tt0040724/?ref_=ttrel_rel_tt,J_pvgtMm0mg,Trailer,,1,
superstar_the-karen-carpenter-story,Superstar  The Karen Carpenter Story,Superstar  The Karen Carpenter Story,haynes-todd,1988-04-30,43,USA,Comedy-Documentary-Short,http://www.imdb.com/title/tt0094075/?ref_=ttrel_rel_tt,XrAA6VMIPb0,Superstar - The Karen Carpenter Story - Part 1,,1,
velvet-goldmine,Velvet Goldmine,Velvet Goldmine,haynes-todd,1998-05-22,120,UK-USA,Drama,http://www.imdb.com/title/tt0120879/?ref_=ttrel_rel_tt,PO5q2lfdCC4,Trailer,,1,
war-room,The War Room,The War Room,hegedus-chris  pennebaker-d-a,1993-09-14,96,USA,Documentary-History,http://www.imdb.com/title/tt0108515/?ref_=ttrel_rel_tt,pgo-qwfCFYU,Trailer,,1,
boy-in-the-striped-pyjamas,The Boy in the Striped Pyjamas,The Boy in the Striped Pyjamas,herman-mark,2008-08-28,94,UK-USA,Drama-War,http://www.imdb.com/title/tt0914798/?ref_=ttrel_rel_tt,9ypMp0s5Hiw,Trailer,,1,
last-words_letzte-worte,Last Words,Letzte Worte,herzog-werner,1968-04-03,13,West Germany,Short,http://www.imdb.com/title/tt0061905/?ref_=fn_tt_tt_2,Vi1Z9lcMNss,Werner Herzog - Letzte Worte (1968),,1,
signs-of-life_lebenszeichen,Signs of Life,Lebenszeichen,herzog-werner,1968-07-04,90,Germany,War-Drama,http://www.imdb.com/title/tt0063218/?ref_=ttrel_rel_tt,z4zTisrdBxI,Signs of Life (1968),,1,
lady-vanishes,The Lady Vanishes,The Lady Vanishes,hitchcock-alfred,1938-10-07,97,UK,Spy-Mystery-Thriller,http://www.imdb.com/title/tt0030341/?ref_=ttrel_rel_tt,pTKfhyj2neg,Three Reasons - The Lady Vanishes - criterioncollection,,1,
rope,Rope,Rope,hitchcock-alfred,1948-08-26,80,USA,Thriller,http://www.imdb.com/title/tt0040746/?ref_=ttrel_rel_tt,px4fKJouvy8,Strangling the Chicken - Rope (1948),,1,
vertigo,Vertigo,Vertigo,hitchcock-alfred,1958-05-09,128,USA,Thriller-Drama-Mystery,http://www.imdb.com/title/tt0052357/?ref_=ttrel_rel_tt,gUW9M16TZ6E,Trailer,,1,
puppetmaster,The Puppetmaster,Xi meng ren sheng,hou-hsiao-hsien,1993-09-13,141,Taiwan,Drama-Biography,http://www.imdb.com/title/tt0107157/?ref_=ttrel_rel_tt,7nRS763JZkQ,Film Fragment - The Puppetmaster (1993) ,,1,
flowers-of-shanghai,Flowers of Shanghai,Hai shang hua,hou-hsiao-hsien,1998-05-20,130,Taiwan,Drama,http://www.imdb.com/title/tt0156587/?ref_=ttrel_rel_tt,NyO8Wk8Scj4,Film Fragment - Flowers of Shanghai (1998),,1,
chitty-chitty-bang-bang,Chitty Chitty Bang Bang,Chitty Chitty Bang Bang,hughes-ken,1968-12-12,142,UK,Musical-Fantasy-Family,http://www.imdb.com/title/tt0062803/?ref_=ttrel_rel_tt,ftolP-1944A,Trailer,,1,
key-largo,Key Largo,Key Largo,huston-john,1948-07-16,100,USA,Action-Crime-Drama,http://www.imdb.com/title/tt0040506/?ref_=ttrel_rel_tt,yP5rG6M3BW4,Trailer,,1,
where-eagles-dare,Where Eagles Dare,Where Eagles Dare,hutton-brian-g,1968-12-21,158,USA-UK,War-Action-Adventure,http://www.imdb.com/title/tt0065207/?ref_=ttrel_rel_tt,8OpMRRgTseI,Trailer,,1,
evil-dead-trap,Evil Dead Trap,Shiryô no wana,ikeda-toshiharu,1988-05-14,102,Japan,Horror,http://www.imdb.com/title/tt0167147/?ref_=ttrel_rel_tt,SuGqigWGOjA,Trailer,,1,
profound-desires-of-the-gods,Profound Desires of the Gods,Kamigami no fukaki yokubô,imamura-shohei,1968-11-22,173,Japan,Drama,http://www.imdb.com/title/tt0063173/?ref_=ttrel_rel_tt,Zu0DZztRuKM,PROFOUND DESIRES OF THE GODS (Masters of Cinema) Trailer,,1,
tale-of-the-wind,A Tale of the Wind,Une histoire de vent,ivens-joris,1988-09-09,80,France-UK-West Germany-Netherlands,Documentary,http://www.imdb.com/title/tt0096337/?ref_=ttrel_rel_tt,gMJQi7jF5dY,Film Fragment Une Histoire De Vent - 1988 - Joris Ivens,,1,
misere-au-borinage,Misere au Borinage,Borinage,ivens-joris storck-henri ,1933,36,Belgium,Documentary-Short,http://www.imdb.com/title/tt0023828/?ref_=ttrel_rel_tt,,,,0,
remains-of-the-day,The Remains of the Day,The Remains of the Day,ivory-james,1993-10-25,135,UK-USA,Drama-Romance,http://www.imdb.com/title/tt0107943/?ref_=ttrel_rel_tt,dsH83p_mfEs,Trailer,,1,
soldier-s-daughter-never-cries,A Soldier's Daughter Never Cries,A Soldier's Daughter Never Cries,ivory-james,1998-09-13,124,UK,Drama,http://www.imdb.com/title/tt0120835/?ref_=ttrel_rel_tt,nVLPPHZZuEI,Trailer,,1,
deserter-and-the-nomads,The Deserter and the Nomads,Zbehovia a pútnici,jakubisko-juraj,1968-12-06,103,Italy-Czechoslovakia,Drama,http://www.imdb.com/title/tt0171940/?ref_=ttrel_rel_tt,WGasvNaqoBM,Film Fragment,,1,
blue_1993,Blue ,Blue ,jarman-derek,1993-10-03,76,UK,Documentary-Drama,http://www.imdb.com/title/tt0106438/?ref_=ttrel_rel_tt,Ad4ii2M9IVw,Derek Jarman - Blue (Part 1),,1,
fires-were-started,Fires Were Started,Fires Were Started,jennings-humphrey,1943-04-12,80,UK,Documentary-Drama,http://www.imdb.com/title/tt0035881/?ref_=ttrel_rel_tt,/-5ikowqERKE,The Man Who Listened to Britain - Part 5,,1,
mickey_1918,Mickey,Mickey,jones-f-richard young-james,1918-08-01,93,USA,Comedy-Drama,http://www.imdb.com/title/tt0009369/?ref_=ttrel_rel_tt,wzQO7j68dRo,"Mack Sennett's ""Mickey"" (1918) starring Mabel Normand",,1,
waking-ned,Waking Ned,Waking Ned Devine,jones-kirk,1998-09-15,91,UK-France-US,Comedy,http://www.imdb.com/title/tt0166396/?ref_=ttrel_rel_tt,6Rd4Xk0jBwU,Waking Ned Devine - the Witch  the Fiddle and the Phonebox,,1,
brothers-rico,The Brothers Rico,The Brothers Rico,karlson-phil,1957-08-23,92,USA,Crime-Drama-Film-Noir,http://www.imdb.com/title/tt0050213/?ref_=ttrel_rel_tt,,,,0,
accidental-tourist,The Accidental Tourist,The Accidental Tourist,kasdan-lawrence,1988-12-23,121,USA,Drama-Romance,http://www.imdb.com/title/tt0094606/?ref_=ttrel_rel_tt,6AXMgXRJuhw,Trailer,,1,
synecdoche_new-york,Synecdoche  New York,Synecdoche  New York,kaufman-charlie,2008-05-23,124,USA,Drama,http://www.imdb.com/title/tt0383028/?ref_=ttrel_rel_tt,XIizh6nYnTU,Trailer,,1,
invasion-of-the-body-snatchers,Invasion of the Body Snatchers,Invasion of the Body Snatchers,kaufman-philip,1978-12-22,115,USA,Science-Fiction-Thriller-Horror,http://www.imdb.com/title/tt0077745/?ref_=ttrel_rel_tt,vc_0dlmSq7I,Trailer,,1,
unbearable-lightness-of-being,The Unbearable Lightness of Being,The Unbearable Lightness of Being,kaufman-philip,1998-08-01,171,USA,War-Romance-Drama,http://www.imdb.com/title/tt0096332/?ref_=ttrel_rel_tt,m1zYYWHFRNw,Trailer,,1,
ariel_1988,Ariel,Ariel,kaurismäki-aki,1988-10-21,73,Finland,Comedy-Crime-Romance,http://www.imdb.com/title/tt0094675/?ref_=ttrel_rel_tt,QMg3s97Jz_M,Ariel - Finnish Love,,1,
american-history-x,American History X,American History X,kaye-tony,1998-10-30,119,USA,Crime-Drama,http://www.imdb.com/title/tt0120586/?ref_=ttrel_rel_tt,XfQYHqsiN5g,Trailer,,1,
steamboat-bill_jr,Steamboat Bill Jr,Steamboat Bill Jr,keaton-buster,1928-05-12,71,USA,Romance-Comedy-Adventure,http://www.imdb.com/title/tt0019421/?ref_=ttrel_rel_tt,fBKtX7GVRm8,Trailer,,1,
cameraman,The Cameraman,The Cameraman,keaton-buster,1928-09-16,69,USA,Romance-Comedy,http://www.imdb.com/title/tt0018742/?ref_=ttrel_rel_tt,R08MrRELz1M,The Cameraman - Chinatown war scene,,1,
street-with-no-name,The Street with No Name,The Street with No Name,keighley-william,1948-06-25,91,USA,Crime-Drama-Film-Noir,http://www.imdb.com/title/tt0040843/?ref_=ttrel_rel_tt,N0VKhnPhbbk,Trailer,,1,
clean_shaven,Clean  Shaven,Clean  Shaven,kerrigan-lodge,1993-09-05,79,USA,Crime-Drama,http://www.imdb.com/title/tt0106579/?ref_=ttrel_rel_tt,mlV50XySR14,Clean  Shaven (1994) Clip,,1,
short-film-about-love,A Short Film About Love,Krótki film o milosci,kieslowski-krzysztof,1988-09-01,87,Poland,Drama,http://www.imdb.com/title/tt0095467/?ref_=ttrel_rel_tt,Pbzc69vZD-0,A Short Film About Love (1988) -  fuil movie,,1,
three-colours_blue,Three Colours  Blue,Trois couleurs  Bleu,kieslowski-krzysztof,1993-09-03,100,France-Poland-Switzerland,Drama,http://www.imdb.com/title/tt0108394/?ref_=ttrel_rel_tt,cVaqLZmMf-k,Three Reasons: Three Colors: Blue - criterioncollection,,1,
alexander-s-ragtime-band,Alexander's Ragtime Band,Alexander's Ragtime Band,king-henry,1938-05-24,106,USA,Drama-Musical-Romance,http://www.imdb.com/title/tt0029852/?ref_=nv_sr_1,vAgM-h77qF0,Trailer,,1,
song-of-bernadette,The Song of Bernadette,The Song of Bernadette,king-henry,1943-12-21,156,USA,Biography-Drama,http://www.imdb.com/title/tt0036377/?ref_=ttrel_rel_tt,AniiJduwx7s,Trailer,,1,
port-of-flowers,Port of Flowers,Hana saku minato,kinoshita-keisuke,1943-07-29,82,Japan,Drama,http://www.imdb.com/title/tt0035964/?ref_=ttrel_rel_tt,SXBBqoSDf_I,Clip,,1,
ballad-of-narayama,Ballad of Narayama,Narayama bushikô,kinoshita-keisuke,1958-06-01,98,Japan,Drama,http://www.imdb.com/title/tt0051980/?ref_=nv_sr_1,l8ZChHuelyg,"The Ballad of Narayama - It's Snowing - Mama! Scene - FilmStruck
",,1,
crossroads_1928,Crossroads,Jûjiro,kinugasa-teinosuke,1928-05-11,74,Japan,Drama,http://www.imdb.com/title/tt0019043/?ref_=ttrel_rel_tt,jVtvkzTiOc8,Crossroads (Jûjiro) -Teinosuke Kinugasa -1928,,1,
sonatine_1993,Sonatine ,Sonachine,kitano-takeshi,1993-05-15,94,Japan,Drama-Crime-Action,http://www.imdb.com/title/tt0108188/?ref_=ttrel_rel_tt,ydAAZn4lDHY,Sonatine - Russian roulette scene,,1,
grease_1978,Grease,Grease,kleiser-randal,1978-06-13,110,USA,Musical-Dance-Comedy,http://www.imdb.com/title/tt0077631/?ref_=ttrel_rel_tt,f2CCEixOVVU,Trailer,,1,
artists-under-the-big-top_perplexed,Artists Under the Big Top  Perplexed,Die Artisten in der Zirkuskuppel  Ratlos,kluge-alexander,1968-09-26,104,West Germany,Drama,http://www.imdb.com/title/tt0062679/?ref_=ttrel_rel_tt,HVRJ18EUyts,Clip,,1,
drum_1938,The Drum,The Drum,korda-zoltan,1938-04-07,98,UK,Adventure-War,http://www.imdb.com/title/tt0030082/?ref_=ttrel_rel_tt,jj1vFGnk3QM,Clip,,1,
after-life_1998,After Life,Wandafuru raifu,koreeda-hirokazu,1998-09-10,118,Japan,Drama-Fantasy,http://www.imdb.com/title/tt0165078/?ref_=ttrel_rel_tt,DN9sr5wVkik,Trailer,,1,
still-walking_2008,Still Walking,Aruitemo aruitemo,koreeda-hirokazu,2008-06-28,115,Japan,Drama,http://www.imdb.com/title/tt1087578/?ref_=ttrel_rel_tt,9gPbHqmjhNU,STILL WALKING Trailer (2008) - The Criterion Collection,,1,
defiant-ones,The Defiant Ones,The Defiant Ones,kramer-stanley,1958-08-14,96,USA,Crime-Drama,http://www.imdb.com/title/tt0051525/?ref_=ttrel_rel_tt,gRx-aEvcTes,The Defiant Ones - Summary,,1,
paths-of-glory,Paths of Glory,Paths of Glory,kubrick-stanley,1957-11-01,86,USA,War-Drama,http://www.imdb.com/title/tt0050825/?ref_=ttrel_rel_tt,,,,0,
2001_a-space-odyssey,2001  A Space Odyssey,2001  A Space Odyssey,kubrick-stanley,1968-04-02,139,UK-USA,Science-Fiction,http://www.imdb.com/title/tt0062622/?ref_=ttrel_rel_tt,XHjIqQBsPjk,Trailer,,1,
drunken-angel,Drunken Angel,Yoidore tenshi,kurosawa-akira,1948-04-27,98,Japan,Drama-Crime-Thriller,http://www.imdb.com/title/tt0040979/?ref_=ttrel_rel_tt,drsFQDaDugI,Drunken Angel (1948) Akira Kurosawa - Fight Scene,,1,
hidden-fortress,The Hidden Fortress,Kakushi-toride no san-akunin,kurosawa-akira,1958-12-28,139,Japan,Comedy-Adventure-Action,http://www.imdb.com/title/tt0051808/?ref_=ttrel_rel_tt,E1GjJLId6I8,Trailer,,1,
madadayo,Madadayo,Not Yet,kurosawa-akira,1993-04-17,134,Japan,Drama,http://www.imdb.com/title/tt0107474/?ref_=ttrel_rel_tt,QZANCZGXEWM,Madadayo (1993) Seasons passing scene,,1,
sopyonje_seopyeonje,Sopyonje,Seopyeonje,kwon-taek-im,1993-04-10,112,South Korea,Musical-Drama,http://www.imdb.com/title/tt0108192/?ref_=ttrel_rel_tt,fu6gmh4Wvys,Trailer,,1,
inhuman-woman,The Inhuman Woman,L'inhumaine,l-herbier-marcel,1924-12-12,135,France,Adventure-Drama-Mystery,http://www.imdb.com/title/tt0015014/?ref_=ttrel_rel_tt,,,,0,
l-argent_1928,L'Argent ,L'Argent ,l-herbier-marcel,1928-12-25,195,France,Drama,http://www.imdb.com/title/tt0019646/?ref_=ttrel_rel_tt,OReacFaBsQg,L' Αrgent 1928,,1,
your-friends&neighbors,Your Friends & Neighbors,Your Friends & Neighbors,la-bute-neil,1998-08-19,99,USA,Comedy-Drama-Romance,http://www.imdb.com/title/tt0119517/?ref_=ttrel_rel_tt,CUBZPf_RDRc,Trailer,,1,
national-lampoon-s-animal-house,National Lampoon's Animal House,National Lampoon's Animal House,landis-john,1978-07-26,109,USA,Comedy,http://www.imdb.com/title/tt0077975/?ref_=ttrel_rel_tt,BoS3-yHoaSY,Trailer,,1,
bug-s-life_1998,A Bug's Life,A Bug's Life,lasseter-john,1998-11-14,96,USA,Comedy-Animated,http://www.imdb.com/title/tt0120623/?ref_=ttrel_rel_tt,tHKMElR32Tw,Trailer,,1,
without-pity,Without Pity,Senza pietà,lattuada-alberto,1948-08-29,90,Italy,Drama-Crime,http://www.imdb.com/title/tt0040773/?ref_=ttrel_rel_tt,3UZSbStwGCo,Without Pity Promo,,1,
martyrs_2008,Martyrs ,Martyrs ,laugier-pascal,2008-05-01,99,France-Canada,Horror,http://www.imdb.com/title/tt1029234/?ref_=ttrel_rel_tt,OURQETU9s-0,Trailer,,1,
oliver-twist_1948,Oliver Twist,Oliver Twist,lean-david,1948-06-28,116,UK,Drama,http://www.imdb.com/title/tt0040662/?ref_=ttrel_rel_tt,ulKAAJWVFDc,Trailer,,1,
wedding-banquet,Wedding Banquet,Xi yan,lee-ang,1993-08-04,105,Taiwan-USA,Comedy-Drama-Romance,http://www.imdb.com/title/tt0107156/?ref_=ttrel_rel_tt,iqM6_lKD7TY,Trailer,,1,
high-hopes,High Hopes,High Hopes,leigh-mike,1988-08-30,108,UK,Comedy-Drama,http://www.imdb.com/title/tt0095302/?ref_=ttrel_rel_tt,6NvkmJVsma8,High Hopes (1988) Birthday Scene,,1,
naked_1993,Naked,Naked,leigh-mike,1993-05-13,126,UK,Drama,http://www.imdb.com/title/tt0107653/?ref_=ttrel_rel_tt,VLtLUL1wy7g,Trailer,,1,
easy-living_1937,Easy Living,Easy Living,leisen-mitchell,1937-07-07,86,USA,Comedy-Romance,http://www.imdb.com/title/tt0028816/?ref_=ttrel_rel_tt,,,,0,
chance-or-coincidence,Chance or Coincidence,Hasards ou coïncidences,lelouch-claude,1998-09-03,120,France-Canada,Drama,http://www.imdb.com/title/tt0120588/?ref_=ttrel_rel_tt,bID_CoSvhJA,Hasards ou coïncidences (Alessandra Martines & Laurent Hilaire ),,1,
man-who-laughs_1928,The Man Who Laughs,The Man Who Laughs,leni-paul ,1928-04-27,110,USA,Drama-Horror-Mystery ,http://www.imdb.com/title/tt0019130/?ref_=ttrel_rel_tt,HWr_benB_QA,The Man Who Laughs (1928),,1,
once-upon-a-time-in-the-west,Once Upon a Time in the West,C'era una volta il West,leone-sergio,1968-12-21,165,Italy-USA,Western,http://www.imdb.com/title/tt0064116/?ref_=ttrel_rel_tt,Yw-Av9BpC-w,Trailer,,1,
murder-by-contract,Murder by Contract,Murder by Contract,lerner-irving,1958-10-01,81,USA,Thriller-Drama-Crime,http://www.imdb.com/title/tt0051959/?ref_=ttrel_rel_tt,Mnc-aN5nRRQ,Trailer,,1,
petulia,Petulia,Petulia,lester-richard,1968-06-10,105,UK,Drama-Romance,http://www.imdb.com/title/tt0063426/?ref_=ttrel_rel_tt,MS9Fe-ebUaA,Trailer,,1,
rain-man,Rain Man,Rain Man,levinson-barry,1988-12-12,133,USA,Drama,http://www.imdb.com/title/tt0095953/?ref_=ttrel_rel_tt,DyEgWL0dtR4,Trailer,,1,
dazed-and-confused,Dazed and Confused,Dazed and Confused,linklater-richard,1993-08-01,94,USA,Drama,http://www.imdb.com/title/tt0106677/?ref_=ttrel_rel_tt,3aQuvPlcB-8,Trailer,,1,
sorry_wrong-number,Sorry  Wrong Number,Sorry  Wrong Number,litvak-anatole,1948-09-01,89,USA,Drama-Film-Noir-Mystery,http://www.imdb.com/title/tt0040823/?ref_=ttrel_rel_tt,5LMZcFMRV5o,Trailer,,1,
snake-pit,The Snake Pit,The Snake Pit,litvak-anatole,1948-11-04,108,USA,Drama-Mystery,http://www.imdb.com/title/tt0040806/?ref_=ttrel_rel_tt,m-OnwdeDUMI,Trailer,,1,
extraordinary-stories,Extraordinary Stories,Historias extraordinarias,llinas-mariano,2008-04-01,245,Argentina,Drama-Mystery,http://www.imdb.com/title/tt1225831/?ref_=ttrel_rel_tt,dXcYvm5Vuig,Historias Extraordinarias - Parte 1,,1,
raining-stones,Raining Stones,Raining Stones,loach-ken,1993-05-23,90,UK,Drama,http://www.imdb.com/title/tt0107920/?ref_=ttrel_rel_tt,IYv5M6A_ERk,Trailer,,1,
my-name-is-joe,My Name is Joe,My Name is Joe,loach-ken,1998-05-15,105,UK-Spain-Italy-France-Germany,Romance-Drama,http://www.imdb.com/title/tt0151691/?ref_=ttrel_rel_tt,Yqt3PD4C9_k,Trailer,,1,
boy-with-green-hair,The Boy with Green Hair,The Boy with Green Hair,losey-joseph,1948-11-24,82,USA,Comedy-Drama-Family,http://www.imdb.com/title/tt0040185/?ref_=ttrel_rel_tt,aJFRuC3qMJw,Clip,,1,
secret-ceremony,Secret Ceremony,Secret Ceremony,losey-joseph,1968-10-23,109,UK,Drama-Thriller,http://www.imdb.com/title/tt0063571/?ref_=ttrel_rel_tt,hoH-Zf67N2E,Trailer,,1,
heaven-can-wait,Heaven Can Wait,Heaven Can Wait,lubitsch-ernst,1943-08-05,112,USA,Romance-Comedy,http://www.imdb.com/title/tt0035979/?ref_=ttrel_rel_tt,w4yv6Kzt_dY,Heaven Can Wait (1943) - Gene Tierney & Don Ameche & Charles Coburn,,1,
running-on-empty_1988,Running on Empty,Running on Empty,lumet-sidney,1988-09-07,116,USA,Crime-Drama-Music,http://www.imdb.com/title/tt0096018/?ref_=ttrel_rel_tt,04v63UxXTeU,RUNNING ON EMPTY [1988] movie clip - Pizza Delivery,,1,
apple_sib_1998,The Apple,Sib,makhmalbaf-samira,1998-05-01,86,Iran-France,Drama,http://www.imdb.com/title/tt0156901/?ref_=nm_knf_t2,O_38A9ZsduQ,Apple - Keep the Money - clip,,1,
badlands,Badlands,Badlands,malick-terrence,1973-10-13,95,USA,Drama-Crime,http://www.imdb.com/title/tt0069762/?ref_=ttrel_rel_tt,,,,0,
days-of-heaven,Days of Heaven,Days of Heaven,malick-terrence,1978-09-13,95,USA,Romance-Drama,http://www.imdb.com/title/tt0077405/?ref_=ttrel_rel_tt,b03ammhkuxE,Trailer,,1,
thin-red-line,The Thin Red Line,The Thin Red Line,malick-terrence,1998-12-22,170,USA,War-Drama-Action,http://www.imdb.com/title/tt0120863/?ref_=ttrel_rel_tt,mKl5_OxKBn8,Trailer,,1,
lovers_les-amants,The Lovers,Les amants,malle-louis,1958-09-06,88,France,Drama,http://www.imdb.com/title/tt0052556/?ref_=ttrel_rel_tt,o0B8LqiReuQ,Les Amants - Trailer,,1,
pretty-baby,Pretty Baby,Pretty Baby,malle-louis,1978-04-05,110,USA,Drama,http://www.imdb.com/title/tt0078111/?ref_=ttrel_rel_tt,iJMYIXoFGcQ,Pretty Baby - Movie CLIP,,1,
raw-deal,Raw Deal,Raw Deal,mann-anthony,1948-05-21,79,USA,Crime-Drama-Film-Noir,http://www.imdb.com/title/tt0040723/?ref_=ttrel_rel_tt,bphmrlpvJJo,Trailer,,1,
man-of-the-west,Man of the West,Man of the West,mann-anthony,1958-10-01,100,USA,Western,http://www.imdb.com/title/tt0051899/?ref_=ttrel_rel_tt,6vj_GP9jWOQ,Trailer,,1,
separate-tables,Separate Tables,Separate Tables,mann-delbert,1958-12-18,99,US,Drama-Romance,http://www.imdb.com/title/tt0052182/?ref_=ttrel_rel_tt,QtRz2zrjkSI,Trailer,,1,
race-street,Race Street,Race Street,marin-edwin-l,1948-08-22,79,USA,Crime-Drama-Film-Noir ,http://www.imdb.com/title/tt0040719/?ref_=fn_al_tt_1,swedu8dIi2U,William Bendix - Race Street (1948) scene,,1,
sheepman_1958,The Sheepman,The Sheepman,marshall-george,1958-05-07,85,USA,Western,http://www.imdb.com/title/tt0052190/?ref_=ttrel_rel_tt,An-zaTgNz6M,Trailer,,1,
big_1988,Big,Big,marshall-penny,1988-06-03,102,USA,Fantasy-Comedy,http://www.imdb.com/title/tt0094737/?ref_=ttrel_rel_tt,J62jciQ1PbY,Trailer,,1,
headless-woman,The Headless Woman,La mujer sin cabeza,martel-lucrecia,2008-05-21,87,Argentina-Spain-France-Italy,Drama-Mystery-Thriller,http://www.imdb.com/title/tt1221141/?ref_=ttrel_rel_tt,J31Fha1qElA,Trailer,,1,
theremin_an-electronic-odyssey,Theremin  An Electronic Odyssey,Theremin  An Electronic Odyssey,martin-steven-m,1993-08-29,104,USA,Documentary-Biography-History,http://www.imdb.com/title/tt0108323/?ref_=ttrel_rel_tt,fAOpVAHwLic,Trailer,,1,
living-skeleton,The Living Skeleton,Kyûketsu dokuro-sen,matsuno-hiroki,1968-11-09,80,Japan,Horror,http://www.imdb.com/title/tt0203635/?ref_=ttrel_rel_tt,C8sO6hma_wY,Trailer,,1,
awful-truth_1937,The Awful Truth,The Awful Truth,mc-carey-leo,1937-10-20,92,USA,Romance-Comedy,http://www.imdb.com/title/tt0028597/?ref_=ttrel_rel_tt,,,,1,
sinking-of-the-lusitania,The Sinking of the Lusitania,The Sinking of the Lusitania,mc-cay-winsor,1918-07-20,12,USA,Animated-Short,http://www.imdb.com/title/tt0009620/?ref_=ttrel_rel_tt,D5oftlm8HJA,The Sinking of the Lusitania 1918,,1,
suture_1993,Suture,Suture,mc-gehee-scott  siegel-david,1993-09-14,96,USA,Drama-Thriller ,http://www.imdb.com/title/tt0108260/?ref_=ttrel_rel_tt,IzZSguDxGsk,Trailer,,1,
paleface_1948,The Paleface,The Paleface,mc-leod-norman-z,1948-12-24,91,USA,Western-Comedy,http://www.imdb.com/title/tt0040679/?ref_=ttrel_rel_tt,MbRVX3LT_g4,Trailer,,1,
hunger_2008,Hunger ,Hunger ,mc-queen-steve,2008-05-15,96,UK-Ireland,Drama-History,http://www.imdb.com/title/tt0986233/?ref_=ttrel_rel_tt,K9IiUbBV4zc,HUNGER Trailer (2008) - The Criterion Collection,,1,
die-hard,Die Hard,Die Hard,mc-tiernan-john,1988-07-12,131,USA,Thriller-Action,http://www.imdb.com/title/tt0095016/?ref_=ttrel_rel_tt,jaJuwKCmJbY,Trailer,,1,
capricious-summer,Capricious Summer,Rozmarné léto,menzel-jirí,1968-05-24,74,Czechoslovakia,Comedy,http://www.imdb.com/title/tt0063527/?ref_=fn_al_tt_1,WOJ4HdbZAdY,clip,,1,
deceivers_1988,The Deceivers,The Deceivers,meyer-nicholas,1988-09-02,102,UK-India,Adventure-Drama-Thriller,http://www.imdb.com/title/tt0094979/?ref_=ttrel_rel_tt,uPKLkTAvdKA,Trailer,,1,
big-wednesday_1978,Big Wednesday,Big Wednesday,milius-john,1978-05-26,120,USA,Drama-Sport ,http://www.imdb.com/title/tt0077235/?ref_=ttrel_rel_tt,BEdOnf1JhF8,Trailer,,1,
cruise-1998,The Cruise,The Cruise,miller-bennett,1998-09-12,76,USA,Documentary,http://www.imdb.com/title/tt0150230/?ref_=ttrel_rel_tt,IOeXcXUzyPU,The Cruise. Timothy Speed Levitch Documentary (1998),,1,
heart-is-a-lonely-hunter_1968,The Heart Is a Lonely Hunter,The Heart Is a Lonely Hunter,miller-robert-ellis,1968-07-31,123,USA,Drama,http://www.imdb.com/title/tt0063050/?ref_=ttrel_rel_tt,S10UxqrKOrs,Trailer,,1,
pirate_1948,The Pirate,The Pirate,minnelli-vincente,1948-05-13,102,USA,Musical-Comedy-Adventure,http://www.imdb.com/title/tt0040694/?ref_=ttrel_rel_tt,c18WhJb80h4,Trailer,,1,
gigi,Gigi ,Gigi ,minnelli-vincente,1958-05-15,115,USA,Comedy-Musical-Romance,http://www.imdb.com/title/tt0051658/?ref_=ttrel_rel_tt,1cx9b2K3I2I,Gigi - Leslie Caron - Maxim's chorus restored,,1,
some-came-running,Some Came Running,Some Came Running,minnelli-vincente,1958-12-18,136,USA,Drama-Romance,http://www.imdb.com/title/tt0052218/?ref_=ttrel_rel_tt,_7Z1yoSynE0,Trailer,,1,
samaritan-zatoichi_19,Samaritan Zatoichi,Zatôichi kenka-daiko,misumi-kenji,1968-12-28,84,Japan,Action-Adventure-Drama,http://www.imdb.com/title/tt0164983/?ref_=ttrel_rel_tt,jlzvP0BHGpg,#19 Samaritan Zatoichi - 座頭市喧嘩太鼓,,1,
my-neighbour-totoro,My Neighbour Totoro,Tonari no Totoro,miyazaki-hayao,1988-04-16,86,Japan,Fantasy-Family-Animated,http://www.imdb.com/title/tt0096283/?ref_=ttrel_rel_tt,92a7Hj0ijLs,Trailer,,1,
moliere,Molière,Molière,mnouchkine-ariane,1978-08-30,260,France,Biography-Drama-History,http://www.imdb.com/title/tt0077941/?ref_=ttrel_rel_tt,esvhRxeXVW4,Trailer,,1,
la-cage-aux-folles,La cage aux folles,La cage aux folles,molinaro-edouard,1978-10-25,93,France-Italy,Comedy,http://www.imdb.com/title/tt0077288/?ref_=ttrel_rel_tt,IHC8wmRfKEg,Trailer,,1,
big-deal-on-madonna-street,Big Deal on Madonna Street,I soliti ignoti,monicelli-mario,1958-07-19,91,Italy,Crime-Comedy,http://www.imdb.com/title/tt0052216/?ref_=ttrel_rel_tt,hP8HX5bnQyo,Trailer,,1,
show-me-love_fucking-amal,Show Me Love,Fucking Åmål,moodysson-lukas,1998-10-23,89,Sweden-Denmark,Romance-Drama,http://www.imdb.com/title/tt0150662/?ref_=ttrel_rel_tt,J54QQl0U_e0,Trailer,,1,
dear-diary,Dear Diary,Caro Diario,moretti-nanni,1993-11-12,100,Italy-France,Biography-Comedy-Drama,http://www.imdb.com/title/tt0109382/?ref_=ttrel_rel_tt,zIv_vdVXjpo,Trailer,,1,
gates-of-heaven,Gates of Heaven,Gates of Heaven,morris-errol,1978-10-01,85,USA,Documentary,http://www.imdb.com/title/tt0077598/?ref_=ttrel_rel_tt,5sDCWh0fqlg,"Errol Morris on ""Gates of Heaven"" and Nonfiction Filmmaking - criterioncollection",,1,
thin-blue-line,The Thin Blue Line,The Thin Blue Line,morris-errol,1988-08-25,96,USA,Documentary,http://www.imdb.com/title/tt0096257/?ref_=ttrel_rel_tt,dNL5A4D0G4g,Trailer,,1,
flesh_1968,Flesh,Flesh,morrissey-paul,1968-09-26,89,USA,Drama,http://www.imdb.com/title/tt0062979/?ref_=ttrel_rel_tt,_ZCbWwSKj4I,Flesh (Andy Warhol's Flesh) - Full Movie,,1,
wonderful_horrible-life-of-leni-riefenstahl,The Wonderful Horrible Life of Leni Riefenstahl,Die Macht der Bilder Leni Riefenstahl,muller-ray,1993-09-11,182,Belgium-Germany-UK,Documentary-Biography-History,http://www.imdb.com/title/tt0107472/?ref_=ttrel_rel_tt,91607Aqn-mo,Trailer,,1,
sunrise_a-song-of-two-humans,Sunrise,Sunrise  A Song of Two Humans,murnau-f-w,1927-09-23,110,USA,Romance-Drama-Crime,http://www.imdb.com/title/tt0018455/?ref_=ttrel_rel_tt,,,,0,
salaam-bombay,Salaam Bombay!,Salaam Bombay!,nair-mira,1988-05-01,113,UK-India-France,Drama,http://www.imdb.com/title/tt0096028/?ref_=ttrel_rel_tt,XYciGm4tziI,Trailer,,1,
little-peach,Anzukko,Little Peach,naruse-mikio,1958-05-13,110,Japan,Drama,http://www.imdb.com/title/tt0051367/?ref_=ttrel_rel_tt,,Trailer,,1,
horse-s-mouth_1958,The Horse's Mouth,The Horse's Mouth,neame-ronald,1958-11-11,97,UK,Comedy,http://www.imdb.com/title/tt0051739/?ref_=ttrel_rel_tt,6dP0B985JvY,Trailer,,1,
johnny-belinda,Johnny Belinda,Johnny Belinda,negulesco-jean,1948-09-14,102,USA,Drama ,http://www.imdb.com/title/tt0040495/?ref_=ttrel_rel_tt,bA2Ah3HUBmU,Trailer,,1,
road-house_1948,Road House,Road House,negulesco-jean,1948-11-04,95,USA,Action-Drama-Film-Noir ,http://www.imdb.com/title/tt0040740/?ref_=ttrel_rel_tt,48f9ITmf9BM,Road House (1948) - Ida Lupino - One for My Baby,,1,
fly_1958,The Fly ,The Fly ,neumann-kurt ,1958-07-16,94,USA,Drama-Horror-Sci-Fi,http://www.imdb.com/title/tt0051622/?ref_=ttrel_rel_tt,9qT1PSmeWQE,My Top 5 Favorite Moments From The Fly (1958) - MrHorrorlover91,,1,
working-girl,Working Girl,Working Girl,nichols-mike,1988-12-20,113,USA,Comedy-Drama-Romance,http://www.imdb.com/title/tt0096463/?ref_=ttrel_rel_tt,va1UqFivi6A,Trailer,,1,
genocide_1968,Genocide,Konchû daisensô,nihonmatsu-kazui,1968-11-09,84,Japan,Horror-Sci-Fi ,http://www.imdb.com/title/tt0063195/?ref_=ttrel_rel_tt,AwNHNgd86Og,Trailer,,1,
following_1998,Following,Following,nolan-christopher,1998-09-12,69,UK,Crime-Mystery-Thriller,http://www.imdb.com/title/tt0154506/?ref_=ttrel_rel_tt,HseO9w0C308,Trailer,,1,
dark-knight,The Dark Knight,The Dark Knight,nolan-christopher,2008-07-14,152,USA-UK,Action-Crime-Thriller,http://www.imdb.com/title/tt0468569/?ref_=ttrel_rel_tt,EXeTwQWrcwY,Trailer,,1,
bergman-island,Bergman Island,Bergman och filmen Bergman och teatern Bergman och Fårö,nyrerod-marie,2004-04-08,83,Sweden,Documentary-Biography,http://www.imdb.com/title/tt0469772/?ref_=ttrel_rel_tt,,,,0,
kill_1968,Kill!,Kiru,okamoto-kihachi,1968-06-22,115,Japan,Action-Comedy-Drama ,http://www.imdb.com/title/tt0063186/?ref_=ttrel_rel_tt,bdxxCijpINw,Trailer,,1,
cannibals_os-canibais,The Cannibals,Os Canibais,oliveira-manoel-de,1988-05-20,90,Portugal ,Musical-Drama-Fantasy-Mystery,http://www.imdb.com/title/tt0094833/?ref_=ttrel_rel_tt,DvDqF2qAjQA,Os canibais (1988) de Manoel de Oliveira em resume,,1,
abraham-s-valley,Abraham's Valley,Vale Abraão,oliveira-manoel-de,1993-09-01,187,Portugal-France-Switzerland,Drama,http://www.imdb.com/title/tt0108471/?ref_=ttrel_rel_tt,ccXSWYmAXhw,Abraham's Valley (1993) [Vale Abraão] - Death  Beauty and Idiosyncrasy,,1,
memories-and-confessions,Memories and Confessions,Visita ou Memórias e Confissões,oliveira-manoel-de,2015-05-04,73,Portugal,Documentary-Biography-History,http://www.imdb.com/title/tt0084870/?ref_=ttrel_rel_tt,,,,0,
hamlet_1948,Hamlet,Hamlet,olivier-laurence,1948-05-06,153,UK,Drama,http://www.imdb.com/title/tt0040416/?ref_=ttrel_rel_tt,9G8LjlR60bw,Trailer,,1,
tree-of-wooden-clogs,The Tree of Wooden Clogs,L'albero degli zoccoli,olmi-ermanno,1978-05-17,185,Italy,Drama,http://www.imdb.com/title/tt0077138/?ref_=ttrel_rel_tt,v6LAOc3M6b0,Trailer,,1,
hotel-terminus,Hotel Terminus,Hotel Terminus,ophuls-marcel,1988-10-06,267,USA,Documentary-Biography,http://www.imdb.com/title/tt0095341/?ref_=ttrel_rel_tt,WgdUERjemU0,Trailer,,1,
letter-from-an-unknown-woman,Letter from an Unknown Woman,Letter from an Unknown Woman,ophuls-max,1948-04-28,90,USA,Romance-Drama,http://www.imdb.com/title/tt0040536/?ref_=ttrel_rel_tt,lOtmlrHJfRU,Trailer,,1,
empire-of-passion,Empire of Passion,Ai no bôrei,oshima-nagisa,1978-05-19,105,Japan-France,Drama-Horror-Romance,http://www.imdb.com/title/tt0077132/?ref_=ttrel_rel_tt,T3-OLRuE8es,Trailer,,1,
akira_1988,Akira,Akira,otomo-katsuhiro,1988-07-16,124,Japan,Animated-Science-Fiction-Action,http://www.imdb.com/title/tt0094625/?ref_=ttrel_rel_tt,NCmVrn2gnRs,Trailer,,1,
equinox-flower_higanbana,Equinox Flower,Higanbana,ozu-yasujiro,1958-09-07,118,Japan,Comedy-Drama,http://www.imdb.com/title/tt0051720/?ref_=ttrel_rel_tt,i1enjYso17g,Equinox Flower - Yasujiro Ozu's First Color Film  - criterioncollection,,1,
baker-s-wife_1938,The Baker's Wife,La femme du boulanger,pagnol-marcel,1938-09-07,133,France,Comedy-Drama,http://www.imdb.com/title/tt0030127/?ref_=ttrel_rel_tt,pXLKbRJV65c,The Baker's Wife (1938) - La femme du boulanger - [Click CC for English Subs],,1,
wrong-trousers,The Wrong Trousers,The Wrong Trousers,park-nick,1993-10-01,30,UK,Animated-Short-Comedy,http://www.imdb.com/title/tt0108598/?ref_=ttrel_rel_tt,jrmZIgVoQw4,The Wrong Trousers - Train Chase - Wallace and Gromit,,1,
midnight-express,Midnight Express,Midnight Express,parker-alan,1978-05-18,121,USA,Biography-Crime-Drama,http://www.imdb.com/title/tt0077928/?ref_=ttrel_rel_tt,BmraBWl89SU,Trailer,,1,
mississippi-burning,Mississippi Burning,Mississippi Burning,parker-alan,1988-12-02,128,USA,Crime-Drama-History,http://www.imdb.com/title/tt0095647/?ref_=ttrel_rel_tt,SUtlJwfNEtI,Trailer,,1,
theorem_1968,Theorem,Teorema,pasolini-pier-paolo,1968-09-05,98,Italy,Drama,http://www.imdb.com/title/tt0063678/?ref_=ttrel_rel_tt,oCGVIg1ksYU,Theorem (1968) - Pier Paolo Pasolini (Trailer) - BFI,,1,
convoy_1978,Convoy,Convoy,peckinpah-sam,1978-06-10,110,USA,Action-Drama,http://www.imdb.com/title/tt0077369/?ref_=ttrel_rel_tt,uDUXvR79wS4,Trailer,,1,
left-handed-gun,The Left Handed Gun,The Left Handed Gun,penn-arthur,1958-04-30,102,USA,Western,http://www.imdb.com/title/tt0051849/?ref_=ttrel_rel_tt,9BhhGqb6k4I,Trailer,,1,
monterey-pop,Monterey Pop,Monterey Pop,pennebaker-d-a,1968-12-26,78,USA,Documentary-Musical,http://www.imdb.com/title/tt0064689/?ref_=ttrel_rel_tt,xNrygTqx0FA,Trailer,,1,
swimmer_1968,The Swimmer,The Swimmer,perry-frank,1968-05-15,94,USA,Drama,http://www.imdb.com/title/tt0063663/?ref_=ttrel_rel_tt,VEg7kzSWyf8,Trailer,,1,
naked-childhood_l-enfance-nue,Naked Childhood,L'enfance nue,pialat-maurice,1968-08-27,80,France,Drama,http://www.imdb.com/title/tt0065695/?ref_=ttrel_rel_tt,uq6SFO9YLHc,L'Enfance-nue [Masters of Cinema] official DVD trailer,,1,
little-vera,Little Vera,Malenkaya Vera,pichul-vasili,1988-09-01,128,USSR,Drama-Romance ,http://www.imdb.com/title/tt0095574/?ref_=ttrel_rel_tt,tXnJz22RMDk,Trailer,,1,
rosemary-s-baby,Rosemary's Baby,Rosemary's Baby,polanski-roman,1968-06-12,136,USA,Thriller-Horror-Drama,http://www.imdb.com/title/tt0063522/?ref_=ttrel_rel_tt,CXetZp3JVdw,Trailer,,1,
force-of-evil_1948,Force of Evil,Force of Evil,polonsky-abraham,1948-12-25,78,USA,Drama-Crime-Film-Noir,http://www.imdb.com/title/tt0040366/?ref_=ttrel_rel_tt,/-L5Ss0-xZD8,Force of Evil (1948) - John Garfield's film noir - movie clip,,1,
life-and-death-of-colonel-blimp,The Life and Death of Colonel Blimp,The Life and Death of Colonel Blimp,powell-michael pressburger-emeric,1943-06-10,163,UK,War-Drama-Comedy,http://www.imdb.com/title/tt0036112/?ref_=ttrel_rel_tt,5Y2-YdWbvAw,Trailer,,1,
red-shoes,The Red Shoes,The Red Shoes,powell-michael pressburger-emeric,1948-07-20,133,UK,Dance-Musical-Drama,http://www.imdb.com/title/tt0040725/?ref_=ttrel_rel_tt,xRV6LPtRUyc,Trailer,,1,
storm-over-asia,Storm Over Asia,Potomok Chingis-Khana,pudovkin-vsevolod,1928-11-10,93,USSR,History-Drama-Action,http://www.imdb.com/title/tt0019286/?ref_=ttrel_rel_tt,sCE5447sjQY,Storm Over Asia / The Heir to Genghis Khan (1928) movie,,1,
bell-book-and-candle,Bell Book and Candle,Bell Book and Candle,quine-richard,1958-11-11,106,USA,Comedy-Romance-Fantasy,http://www.imdb.com/title/tt0051406/?ref_=ttrel_rel_tt,nDBbmP2TctE,Trailer,,1,
head_1968,Head,Head,rafelson-bob,1968-11-06,86,USA,Musical-Comedy,http://www.imdb.com/title/tt0063049/?ref_=ttrel_rel_tt,dfVpZkNw8_k,Trailer,,1,
simple-plan_1998,A Simple Plan,A Simple Plan,raimi-sam,1998-09-12,121,USA,Thriller-Crime-Drama,http://www.imdb.com/title/tt0120324/?ref_=ttrel_rel_tt,_TXB2qTJMRE,Trailer,,1,
they-live-by-night,They Live by Night,They Live by Night,ray-nicholas,1948-08-01,95,USA,Drama-Crime,http://www.imdb.com/title/tt0040872/?ref_=ttrel_rel_tt,n-gL4YtNGpg,Trailer,,1,
party-girl_1958,Party Girl,Party Girl,ray-nicholas,1958-10-28,99,USA,Crime,http://www.imdb.com/title/tt0052050/?ref_=ttrel_rel_tt,_ksFu7qUtis,Trailer,,1,
music-room_jalsaghar,The Music Room,Jalsaghar,ray-satyajit,1958-10-10,95,India,Drama,http://www.imdb.com/title/tt0051792/?ref_=ttrel_rel_tt,fi1yYAgUFkg,clip,,1,
fallen-idol_1948,The Fallen Idol,The Fallen Idol,reed-carol,1948-08-31,95,UK,Drama-Film-Noir-Mystery,http://www.imdb.com/title/tt0040338/?ref_=ttrel_rel_tt,ZU8nIwPEpus,Trailer,,1,
oliver_1968,Oliver!,Oliver!,reed-carol,1968-09-26,153,UK,Musical-Dance-Family,http://www.imdb.com/title/tt0063385/?ref_=ttrel_rel_tt,sWLs1JxHAKo,Tribute to Carol Reed's OLIVER! (1968) - Mark Lester & Oliver Reed & Shani Wallis - CARSONART,,1,
witchfinder-general,Witchfinder General,Witchfinder General,reeves-michael,1968-05-15,86,UK,Biography-Drama-Horror,http://www.imdb.com/title/tt0063285/?ref_=ttrel_rel_tt,O3Mfes57Nt8,Trailer,,1,
wendy-and-lucy,Wendy and Lucy,Wendy and Lucy,reichardt-kelly,2008-05-22,80,USA,Drama,http://www.imdb.com/title/tt1152850/?ref_=ttrel_rel_tt,pASs3rerRCY,Trailer,,1,
human-beast_1938,The Human Beast,La Bête humaine,renoir-jean,1938-12-23,99,France,Drama,http://www.imdb.com/title/tt0029957/?ref_=ttrel_rel_tt,SyMmXMpn330,clip,,1,
this-land-is-mine,This Land is Mine,This Land is Mine,renoir-jean,1943-05-07,103,USA,War-Drama,http://www.imdb.com/title/tt0036431/?ref_=ttrel_rel_tt,og2quk1a3gM,clip,,1,
i-love-you_i-love-you,I Love You I Love You,Je t'aime  je t'aime,resnais-alain,1968-04-24,91,France,Science Fiction-Drama,http://www.imdb.com/title/tt0063152/?ref_=ttrel_rel_tt,HElwY3rt8t0,Trailer,,1,
smoking_no-smoking,Smoking/No Smoking,Smoking/No Smoking,resnais-alain,1993-12-15,298,France-Italy-Switzerland,Comedy,http://www.imdb.com/title/tt0108167/?ref_=ttrel_rel_tt,FgpWLm2ewMQ,clip,,1,
charge-of-the-light-brigade_1968,The Charge of the Light Brigade,The Charge of the Light Brigade,richardson-tony,1968-04-11,139,UK,History-Drama-War,http://www.imdb.com/title/tt0062790/?ref_=ttrel_rel_tt,PPTvqNuqiPY,Trailer,,1,
olympia_1938,Olympia ,Olympia ,riefenstahl-leni,1938-04-20,220,Germany,Documentary-Sport,http://www.imdb.com/title/tt0030522/?ref_=ttrel_rel_tt,NCFg5TFBfqU,Olympia ,,1,
lock_stock-and-two-smoking-barrels,Lock Stock and Two Smoking Barrels,Lock Stock and Two Smoking Barrels,ritchie-guy,1998-08-23,107,UK,Comedy-Crime,http://www.imdb.com/title/tt0120735/?ref_=ttrel_rel_tt,j0e0HB15FL4,Trailer,,1,
the-long_hot-summer,The Long Hot Summer,The Long Hot Summer,ritt-martin,1958-04-03,115,USA,Drama,http://www.imdb.com/title/tt0051878/?ref_=ttrel_rel_tt,isihtYXfMTI,Trailer,,1,
seventh-victim,The Seventh Victim,The Seventh Victim,robson-mark,1943-08-21,71,USA,Horror-Drama-Mystery,http://www.imdb.com/title/tt0036341/?ref_=ttrel_rel_tt,OxOwwWmJaX4,clip,,1,
bad-timing_1980,Bad Timing,Bad Timing,roeg-nicolas,1980-03-01,123,UK,Drama-Mystery-Thriller,http://www.imdb.com/title/tt0080408/?ref_=ttrel_rel_tt,,,,0,
perceval-le-gallois,Perceval,Perceval le Gallois,rohmer-eric,1978-10-08,140,France,Drama,http://www.imdb.com/title/tt0078073/?ref_=ttrel_rel_tt,hnf2-YjBLRA,Trailer,,1,
autumn-tale_1998,Autumn Tale,Conte d'automne,rohmer-eric,1998-09-07,112,France,Drama-Romance,http://www.imdb.com/title/tt0137439/?ref_=ttrel_rel_tt,vP2HYvCKJ8M,Trailer,,1,
night-of-the-living-dead_1968,Night of the Living Dead,Night of the Living Dead,romero-george-a,1968-10-01,96,USA,Horror,http://www.imdb.com/title/tt0063350/?ref_=ttrel_rel_tt,vEVjoAwC-3Q,Trailer,,1,
martin_1978,Martin,Martin,romero-george-a,1978-05-10,95,USA,Horror,http://www.imdb.com/title/tt0077914/?ref_=ttrel_rel_tt,NNIGTSdKPl0,Trailer,,1,
dawn-of-the-dead_1978,Dawn of the Dead ,Dawn of the Dead ,romero-george-a,1978-09-01,126,USA,Horror-Action,http://www.imdb.com/title/tt0077402/?ref_=ttrel_rel_tt,Yd-z5wBeFTU,Trailer,,1,
pleasantville_1998,Pleasantville,Pleasantville,ross-gary,1998-09-17,124,USA,Drama-Comedy-Fantasy ,http://www.imdb.com/title/tt0120789/?ref_=ttrel_rel_tt,dSDm62Hmbf4,Trailer,,1,
germania-anno-zero,Germany  Year Zero,Germania anno zero,rossellini-roberto,1948-07-10,78,Italy,Drama-War ,http://www.imdb.com/title/tt0039417/?ref_=ttrel_rel_tt,WBnICml1eec,clip,,1,
jaguar_1968,Jaguar,Jaguar,rouch-jean,1968-07-01,110,France,Documentary,http://www.imdb.com/title/tt0286727/?ref_=ttrel_rel_tt,QHMBj393nN0,Trailer,,1,
remember-my-name,Remember My Name,Remember My Name,rudolph-alan,1978-02-01,96,USA,Thriller-Drama,http://www.imdb.com/title/tt0078150/?ref_=ttrel_rel_tt,,,,0,
three-sad-tigers,Three Sad Tigers,Tres Tristes Tigres,ruiz-raul,1968-11-19,100,Chile,Drama,http://www.imdb.com/title/tt0063718/?ref_=ttrel_rel_tt,WWsOMX0Rl_8,Escena de Tres tristes tigres - de Raúl Ruiz,,1,
suspended-vocation,The Suspended Vocation,La vocation suspendue,ruiz-raul,1978-07-27,90,France,Drama,http://www.imdb.com/title/tt0076894/?ref_=ttrel_rel_tt,T_1xeWRYs0M,Trailer,,1,
song-of-summer_1968,Song of Summer,Song of Summer,russell-ken,1968-09-15,74,UK,Documentary-Biography-Music,http://www.imdb.com/title/tt0063628/?ref_=ttrel_rel_tt,usPub-fNrdg,Ken Russell - Delius - Song of Summer (1968) 1/5,,1,
goke_body-snatcher-from-hell,Goke  Body Snatcher from Hell,Kyuketsuki Gokemidoro,sato-hajime ,1968-08-14,84,Japan,Horror-Sci-Fi,http://www.imdb.com/title/tt0063206/?ref_=ttrel_rel_tt,Sh9jBAr6RVQ,Trailer,,1,
last-waltz_1978,The Last Waltz,The Last Waltz,scorsese-martin,1978-04-26,117,USA,Documentary-Musical,http://www.imdb.com/title/tt0077838/?ref_=ttrel_rel_tt,M63DTQc6WPE,Trailer,,1,
last-temptation-of-christ,The Last Temptation of Christ,The Last Temptation of Christ,scorsese-martin,1988-08-12,164,USA-Canada,Religious-Drama,http://www.imdb.com/title/tt0095497/?ref_=ttrel_rel_tt,wPh1Wp-b8uU,"Passion ""The Last Temptation of Christ""",,1,
age-of-innocence_1993,The Age of Innocence,The Age of Innocence,scorsese-martin,1993-08-31,133,USA,Romance-Drama,http://www.imdb.com/title/tt0106226/?ref_=ttrel_rel_tt,K0bENHsyGPg,Trailer,,1,
true-romance_1993,True Romance,True Romance,scott-tony,1993-09-08,120,USA,Thriller-Romance-Crime,http://www.imdb.com/title/tt0108399/?ref_=ttrel_rel_tt,xAWc2Gi8xco,Trailer,,1,
hollow-triumph,Hollow Triumph,Hollow Triumph,sekely-steve,1948-08-18,83,USA,Crime-Drama-Film-Noir,http://www.imdb.com/title/tt0040444/?ref_=ttrel_rel_tt,T2J3MbooZvY,Trailer,,1,
nightmare-before-christmas,The Nightmare Before Christmas,The Nightmare Before Christmas,selick-henry,1993-10-09,76,USA,Family-Fantasy-Animated,http://www.imdb.com/title/tt0107688/?ref_=ttrel_rel_tt,vHLgob-PpIk,Trailer,,1,
money-order_mandabi,The Money Order,Mandabi,sembene-ousmane,1968-11-27,90,France-Senegal,Comedy,http://www.imdb.com/title/tt0063268/?ref_=ttrel_rel_tt,UpjM1PY6tok,"Opening scene from ""Mandabi"" (1968) Audio Track: Masani Cisse",,1,
red-light-bandit,The Red Light Bandit,O Bandido da Luz Vermelha,sganzerla-rogerio,1968-12-02,92,Brazil,Thriller-Crime,http://www.imdb.com/title/tt0144782/?ref_=ttrel_rel_tt,u3-rnfXsxps,Trailer,,1,
bull-durham,Bull Durham,Bull Durham,shelton-ron,1988-06-15,108,USA,Comedy,http://www.imdb.com/title/tt0094812/?ref_=ttrel_rel_tt,dnJFndf-Krg,Trailer,,1,
In-the-name-of-the-father,In the Name of the Father,In the Name of the Father,sheridan-jim,1993-12-12,133,Ireland-UK-USA,Biography-Drama ,http://www.imdb.com/title/tt0107207/?ref_=ttrel_rel_tt,9tLMgoGW_S0,In the Name of the Father - Daniel Day Lewis /Gerry Conlon Scene!,,1,
masseurs-and-a-woman,The Masseurs and a Woman,Anma to onna,shimizu-hiroshi,1938-07-07,66,Japan,Drama,http://www.imdb.com/title/tt0426900/?ref_=ttrel_rel_tt,lFrM4X3t3Ag,The Masseurs and a Woman / 按摩と女 (1938) (EN/ES),,1,
kenji-mizoguchi_the-life-of-a-film-director,Kenji Mizoguchi  The Life of a Film Director,Aru eiga-kantoku no shogai,shindo-kaneto,1975-05-24,150,Japan,Documentary-Biography,http://www.imdb.com/title/tt0071163/?ref_=ttrel_rel_tt,,,,0,
lineup_1958,The Lineup,The Lineup,siegel-don,1958-05-01,86,USA,Crime-Drama-Film-Noir,http://www.imdb.com/title/tt0051866/?ref_=ttrel_rel_tt,QGxMFK67vB0,Trailer,,1,
cry-of-the-city,Cry of the City,Cry of the City,siodmak-robert,1948-09-29,95,USA,Crime-Drama-Film-Noir,http://www.imdb.com/title/tt0040257/?ref_=ttrel_rel_tt,nUt6ii3z4N0,Trailer,,1,
time-to-love-and-a-time-to-die,A Time to Love and a Time to Die,A Time to Love and a Time to Die,sirk-douglas,1958-06-25,132,USA,War-Romance-Drama,http://www.imdb.com/title/tt0052296/?ref_=ttrel_rel_tt,wWALRQcCsv4,Trailer,,1,
wind_1928,The Wind,The Wind,sjostrom-victor,1928-09-15,88,USA,Drama,http://www.imdb.com/title/tt0019585/?ref_=ttrel_rel_tt,CHKfDhIynIE,Le Vent (1928 ) de Victor Sjöström (extraits du ciné-concert musique Carlos Grätzer),,1,
barrier_1966,Barrier,Bariera,skolimowski-jerzy,1966-09-01,77,Poland,Drama-Comedy,http://www.imdb.com/title/tt0060150/?ref_=ttrel_rel_tt,,,,0,
shout_1978,The Shout,The Shout,skolimowski-jerzy,1978-05-22,86,UK,Horror-Drama ,http://www.imdb.com/title/tt0078259/?ref_=ttrel_rel_tt,Q3PKNygNQVQ,Trailer,,1,
vanishing_spoorloos,The Vanishing,Spoorloos,sluizer-george,1988-08-29,107,Netherlands-France-West Germany,Mystery-Thriller ,http://www.imdb.com/title/tt0096163/?ref_=ttrel_rel_tt,KlO2oIieI44,Trailer,,1,
king-of-the-hill_1993,King of the Hill,King of the Hill,soderbergh-steven,1993-05-19,103,USA,Drama-History,http://www.imdb.com/title/tt0107322/?ref_=ttrel_rel_tt,YKWZewJbZy8,Steven Soderbergh on King of the Hill,,1,
out-of-sight_1998,Out of Sight,Out of Sight,soderbergh-steven,1998-06-26,122,USA,Romance-Crime-Drama,http://www.imdb.com/title/tt0120780/?ref_=ttrel_rel_tt,ZAvPz1Qtc3g,Trailer,,1,
che-2008,Che,Che,soderbergh-steven,2008-05-21,257,France-Spain-USA,Biography-Drama-History,http://www.imdb.com/title/tt0892255/?ref_=ttrel_rel_tt,0OVtH2kg1tM,CHE Trailer (2008) - The Criterion Collection,,1,
days-of-eclipse,The Days of Eclipse,Dni zatmeniya,sokurov-aleksandr,1988-12-01,133,USSR,Science Fiction,http://www.imdb.com/title/tt0095040/?ref_=ttrel_rel_tt,oM6sQ8kGEYA,THE DAYS OF THE ECLIPSE,,1,
lucía_1968,Lucía,Lucía,solas-humberto,1968-10-01,160,Cuba,Drama,http://www.imdb.com/title/tt0064609/?ref_=ttrel_rel_tt,z4HWRQX9cEs,Trailer,,1,
happiness_1998,Happiness ,Happiness ,solondz-todd,1998-05-15,134,USA,Drama-Comedy,http://www.imdb.com/title/tt0147612/?ref_=ttrel_rel_tt,JzYllBpl-9I,Trailer,,1,
love-exposure_ai-no-mukidashi,Love Exposure,Ai no mukidashi,sono-sion,2008-11-29,237,Japan,Action-Comedy-Drama,http://www.imdb.com/title/tt1128075/?ref_=ttrel_rel_tt,5Fxa5NuVrqU,Trailer,,1,
jurassic-park,Jurassic Park,Jurassic Park,spielberg-steven,1993-06-09,126,USA,Science-Fiction-Adventure-Action,http://www.imdb.com/title/tt0107290/?ref_=ttrel_rel_tt,lc0UehYemQA,Trailer,,1,
schindler-s-list,Schindler's List,Schindler's List,spielberg-steven,1993-11-30,195,USA,War-History-Drama,http://www.imdb.com/title/tt0108052/?ref_=ttrel_rel_tt,M5FpB6qDGAE,Trailer,,1,
saving-private-ryan,Saving Private Ryan,Saving Private Ryan,spielberg-steven,1998-07-21,169,USA,War-Drama-Action,http://www.imdb.com/title/tt0120815/?ref_=ttrel_rel_tt,RYID71hYHzg,Trailer,,1,
holy-matrimony_1943,Holy Matrimony,Holy Matrimony,stahl-john-m,1943-08-27,87,USA,Comedy-Drama,http://www.imdb.com/title/tt0036009/?ref_=ttrel_rel_tt,aNllGjoAJFY,clip,,1,
the-walls-of-jericho,The Walls of Jericho,The Walls of Jericho,stahl-john-m,1948-08-04,106,USA,Drama,http://www.imdb.com/title/tt0040949/?ref_=ttrel_rel_tt,/-g83x17kk6Q,clip,,1,
wall-e,Wall-E,Wall-E,stanton-andrew,2008-06-21,98,USA,Animated-Adventure-Comedy,http://www.imdb.com/title/tt0910970/?ref_=ttrel_rel_tt,L7nu-6H6POY,Trailer,,1,
more-the-merrier_1943,The More the Merrier,The More the Merrier,stevens-george,1943-05-13,104,USA,Comedy-Romance-War ,http://www.imdb.com/title/tt0036172/?ref_=ttrel_rel_tt,OTW-xhEw56A,clip,,1,
jane-eyre_1943,Jane Eyre,Jane Eyre,stevenson-robert,1943-12-24,96,USA,Romance-Drama,http://www.imdb.com/title/tt0036969/?ref_=ttrel_rel_tt,fupUKF9SEy4,Trailer,,1,
last-days-of-disco,The Last Days of Disco,The Last Days of Disco,stillman-whit,1998-05-29,113,USA,Drama-Comedy,http://www.imdb.com/title/tt0120728/?ref_=ttrel_rel_tt,Klq5xq7pQuE,Trailer,,1,
law-and-jake-wade,The Law and Jake Wade,The Law and Jake Wade,sturges-john,1958-06-06,86,USA,Western,http://www.imdb.com/title/tt0051848/?ref_=ttrel_rel_tt,7kEAvC3buRE,Trailer,,1,
sullivan-s-travels,Sullivan's Travels,Sullivan's Travels,sturges-preston,1941-12-05,91,USA,Adventure-Comedy-Drama,http://www.imdb.com/title/tt0034240/?ref_=ttrel_rel_tt,,,,0,
unfaithfully-yours_1948,Unfaithfully Yours,Unfaithfully Yours,sturges-preston,1948-11-05,105,USA,Comedy,http://www.imdb.com/title/tt0040919/?ref_=ttrel_rel_tt,D7x1lOcxlZw,Trailer,,1,
alice_1988,Alice,Neco z Alenky,svankmajer-jan,1988-08-03,86,Czechoslovakia-Switzerland-UK-West Germany,Fantasy-Animated,http://www.imdb.com/title/tt0095715/?ref_=ttrel_rel_tt,1rri69wKUUQ,clip,,1,
presto_2008,Presto,Presto,sweetland-doug,2008-06-10,5,USA,Animation-Short-Comedy,http://www.imdb.com/title/tt1245104/?ref_=ttrel_rel_tt,D4Dnm6dkOVI,Trailer,,1,
hanussen,Hanussen,Hanussen,szabo-istvan,1988-05-20,140,Hungary-West-Germany-Austria,Drama-History,http://www.imdb.com/title/tt0095276/?ref_=fn_al_tt_1,KeVdDVSM7K0,Hanussen (1988) - Hypnosis Scene,,1,
grave-of-the-fireflies,Grave of the Fireflies,Hotaru no haka,takahata-isao,1988-04-16,89,Japan,Animated-War-Drama,http://www.imdb.com/title/tt0095327/?ref_=ttrel_rel_tt,4vPeTSRd580,Trailer,,1,
departures_okuribito-2008,Departures,Okuribito,takita-yojiro,2008-08-23,130,Japan,Drama,http://www.imdb.com/title/tt1069238/?ref_=ttrel_rel_tt,Ks6ZghMqJqA,Trailer,,1,
rock-a-bye-baby,Rock-a-Bye Baby,Rock-a-Bye Baby,tashlin-frank,1958-07-23,103,USA,Comedy,http://www.imdb.com/title/tt0052141/?ref_=ttrel_rel_tt,uHCRY7AS4sY,Rock a Bye Baby (1958) - Jerry Lewis & Dean Martin Full Length Comedy Movie,,1,
mon-oncle,Mon Oncle,Mon oncle,tati-jacques,1958-05-09,117,France,Comedy,http://www.imdb.com/title/tt0050706/?ref_=ttrel_rel_tt,NHJcwMrqnJo,Trailer,,1,
alice-and-martin,Alice and Martin,Alice et Martin,techine-andre,1998-10-23,124,France-Spain,Drama-Romance,http://www.imdb.com/title/tt0176422/?ref_=ttrel_rel_tt,MYj5kO_SqzY,Trailer,,1,
cinema-paradiso,Cinema Paradiso,Nuovo Cinema Paradiso,tornatore-giuseppe,1988-09-29,123,Italy-France,Drama-Comedy,http://www.imdb.com/title/tt0095765/?ref_=ttrel_rel_tt,stLekU5BnbI,Trailer,,1,
i-walked-with-a-zombie,I Walked with a Zombie,I Walked with a Zombie,tourneur-jacques,1943-04-08,69,USA,Horror-Drama-Romance,http://www.imdb.com/title/tt0036027/?ref_=ttrel_rel_tt,1sgJVEwbX-Y,I Walked with a Zombie (1943) - An Appreciation,,1,
scent-of-green-papaya,The Scent of Green Papaya,Mùi du du xanh,tran-anh-hung,1993-05-01,104,France,Drama,http://www.imdb.com/title/tt0107617/?ref_=ttrel_rel_tt,s7075x1MEl8,The Scent of Green Papaya ,,1,
everlasting-moments-2008,Everlasting Moments,Maria Larssons eviga ögonblick,troell-jan,2008-09-05,131,Sweden-Denmark-Norway-Finland-Germany,Drama,http://www.imdb.com/title/tt0961066/?ref_=ttrel_rel_tt,ZL2VMIoVkg4,Trailer,,1,
stolen-kisses,Stolen Kisses,Baisers volés,truffaut-francois,1968-08-14,90,France,Romance-Comedy-Drama,http://www.imdb.com/title/tt0062695/?ref_=ttrel_rel_tt,ynk-YN2XEsU,clip,,1,
green-room,The Green Room,La chambre verte,truffaut-francois,1978-04-05,95,France,War-Drama,http://www.imdb.com/title/tt0077315/?ref_=ttrel_rel_tt,HV3P6WR9mb8,La Chambre Verte - Mazet - Truffaut,,1,
hole-dong,The Hole,Dong,tsai-ming-liang,1998-05-16,95,Taiwan-France,Musical-Drama-Fantasy,http://www.imdb.com/title/tt0156610/?ref_=ttrel_rel_tt,iPdYX5NxG0U,Grace Chang - Tiger Lady - The Hole (1998) - Tsai Ming-liang,,1,
hilary-and-jackie,Hilary and Jackie,Hilary and Jackie,tucker-anand,1998-09-05,122,UK,Biography-Drama-Music,http://www.imdb.com/title/tt0150915/?ref_=ttrel_rel_tt,O8GtFebkN5U,Trailer,,1,
run-lola_run,Run Lola Run,Lola rennt,tykwer-tom,1998-08-20,80,Germany,Thriller-Crime-Action,http://www.imdb.com/title/tt0130827/?ref_=ttrel_rel_tt,UzzYyXVMrVA,Trailer,,1,
ruthless_1948,Ruthless,Ruthless,ulmer-edgar-g,1948-04-16,104,USA,Drama-Film-Noir,http://www.imdb.com/title/tt0040751/?ref_=ttrel_rel_tt,q0hqcJZYQsY,Ruthless 1948,,1,
barbarella,Barbarella,Barbarella,vadim-roger,1968-10-10,98,France-Italy,Adventure-Comedy-Fantasy,http://www.imdb.com/title/tt0062711/?ref_=ttrel_rel_tt,x7c6wKQ9fuU,Trailer,,1,
white-shadows-in-the-south-seas,White Shadows in the South Seas,White Shadows in the South Seas,van-dyke-w_s,1928-07-31,88,USA,Drama-Romance,http://www.imdb.com/title/tt0019574/?ref_=ttrel_rel_tt,jw7dqivMhLA,Trailer,,1,
milk_2008,Milk,Milk,van-sant-gus,2008-10-28,128,USA,Biography-Drama-History,http://www.imdb.com/title/tt1013753/?ref_=ttrel_rel_tt,N3ki8YUHhYI,Trailer,,1,
beaches-of-agnes,The Beaches of Agnès,Les plages d'Agnès,varda-agnes,2008-09-03,110,France,Documentary-Biography,http://www.imdb.com/title/tt1129435/?ref_=ttrel_rel_tt,5TQNsbo7a-c,Trailer,,1,
kung-fu-master_,Kung-fu Master!,Le Petit Amour,varda-agnes,1988-02-01,80,France,Drama-Romance,http://www.imdb.com/title/tt0093371/?ref_=ttrel_rel_tt,,,,0,
robocop,Robocop,Robocop,verhoeven-paul,1987-07-17,103,USA,Science Fiction-Crime,http://www.imdb.com/title/tt0093870/?ref_=ttrel_rel_tt,,,,0,
show-people,Show People,Show People,vidor-king,1928-10-20,83,USA,Comedy-Romance ,http://www.imdb.com/title/tt0019379/?ref_=ttrel_rel_tt,5gCI3z88VI8,Trailer,,1,
citadel_1938,The Citadel,The Citadel,vidor-king,1938-10-29,110,UK-USA,Drama,http://www.imdb.com/title/tt0029995/?ref_=ttrel_rel_tt,LHPsQyo1hxE,Trailer,,1,
celebration_1998,The Celebration,Festen,vinterberg-thomas,1998-06-19,105,Denmark,Drama,http://www.imdb.com/title/tt0154420/?ref_=ttrel_rel_tt,f5UozqwA3KY,Trailer,,1,
obsession_ossessione,Obsession,Ossessione,visconti-luchino,1943-05-16,140,Italy,Drama,http://www.imdb.com/title/tt0035160/?ref_=ttrel_rel_tt,Fa4LaL_C6G4,Clip,,1,
la-terra-trema,La Terra Trema,La Terra Trema,visconti-luchino,1948-09-02,160,Italy,Drama,http://www.imdb.com/title/tt0040866/?ref_=ttrel_rel_tt,Wjl8uFYrbhA,La terra trema- selezione scene,,1,
docks-of-new-york,The Docks of New York,The Docks of New York,von-sternberg-josef,1928-09-16,76,USA,Romance-Drama-Crime,http://www.imdb.com/title/tt0018839/?ref_=ttrel_rel_tt,ALpcMoS5GY0,The Docks of New York,,1,
wedding-march,The Wedding March,The Wedding March,von-stroheim-erich,1928-10-06,113,USA,Romance-Drama,http://www.imdb.com/title/tt0019558/?ref_=ttrel_rel_tt,iCRVTLxp0hY,The Wedding March,,1,
idiots_1998,The Idiots,Idioterne,von-trier-lars,1998-05-20,117,Denmark-Spain-Sweden-France-Netherlands-Italy,Drama-Comedy,http://www.imdb.com/title/tt0154421/?ref_=ttrel_rel_tt,PvdJcJHsNmc,Clip,,1,
ashes-and-diamonds,Ashes and Diamonds,Popiół i diament,wajda-andrzej,1958-10-03,96,Poland,War-Drama-Political,http://www.imdb.com/title/tt0052080/?ref_=ttrel_rel_tt,L3Q8cpl6_Dc,Trailer,,1,
without-anesthesia,Without Anesthesia,Bez znieczulenia,wajda-andrzej,1978-11-27,131,Poland-France,Political-Drama,http://www.imdb.com/title/tt0078857/?ref_=ttrel_rel_tt,nFNVXkTNMro,Trailer,,1,
naked-and-the-dead,The Naked and the Dead,The Naked and the Dead,walsh-raoul,1958-08-06,131,USA,War-Drama,http://www.imdb.com/title/tt0051978/?ref_=ttrel_rel_tt,zzN3f3a6U7I,Trailer,,1,
easter-parade,Easter Parade,Easter Parade,walters-charles,1948-06-30,107,USA,Musical-Romance,http://www.imdb.com/title/tt0040308/?ref_=fn_al_tt_1,KKr9S2UNFAU,Trailer,,1,
chelsea-girls,Chelsea Girls,Chelsea Girls,warhol-andy,1966-09-01,210,USA,Drama-Avant-Garde,http://www.imdb.com/title/tt0061465/?ref_=ttrel_rel_tt,,,,0,
fearles_1993,Fearless,Fearless,weir-peter,1993-10-15,122,USA,Drama,http://www.imdb.com/title/tt0106881/?ref_=ttrel_rel_tt,NHydTa0KlYo,Clip,,1,
truman-show,The Truman Show,The Truman Show,weir-peter,1998-06-01,102,USA,Drama-Comedy-Science-Fiction,http://www.imdb.com/title/tt0120382/?ref_=ttrel_rel_tt,loTIzXAS7v4,Trailer,,1,
touch-of-evil,Touch of Evil,Touch of Evil,welles-orson,1958-04-23,108,USA,Thriller-Crime,http://www.imdb.com/title/tt0052311/?ref_=ttrel_rel_tt,gFCaDFAKNlk,Trailer,,1,
immortal-story,The Immortal Story,Histoire immortelle,welles-orson,1968-05-24,63,France,Drama,http://www.imdb.com/title/tt0063127/?ref_=ttrel_rel_tt,kqQs7dg69wI,The Immortal Story clip (Criterion Collection),,1,
beggars of-life,Beggars of Life,Beggars of Life,wellman-william,1928-09-22,100,USA,Adventure-Drama,http://www.imdb.com/title/tt0018684/?ref_=ttrel_rel_tt,S81cMoSP9OA,Louise Brooks - BEGGARS OF LIFE (1928) - Restoration Trailer,,1,
ox-bow-incident,The Ox-Bow Incident,The Ox-Bow Incident,wellman-william,1943-05-08,75,USA,Western-Drama,http://www.imdb.com/title/tt0036244/?ref_=ttrel_rel_tt,dyQIxE1sqYk,William Wellman - The Ox-Bow Incident,,1,
yellow-sky,Yellow Sky,Yellow Sky,wellman-william,1948-12-24,98,USA, Crime-Western,http://www.imdb.com/title/tt0040978/?ref_=ttrel_rel_tt,Jnub_flGGcw,Trailer,,1,
he-walked-by-night,He Walked by Night,He Walked by Night,werker-alfred-l,1948-11-24,79,USA,Crime-Film-Noir-Thriller,http://www.imdb.com/title/tt0040427/?ref_=ttrel_rel_tt,FMkGu8AQScA,Trailer,,1,
speedy_1928,Speedy,Speedy,wilde-ted,1928-04-07,85,USA,Comedy-Action,http://www.imdb.com/title/tt0019412/?ref_=ttrel_rel_tt,lkqz3lpUBp0,Driving Around New York City - 1928,,1,
five-graves-to-cairo,Five Graves to Cairo,Five Graves to Cairo,wilder-billy,1943-05-26,96,USA,Thriller-War ,http://www.imdb.com/title/tt0035884/?ref_=ttrel_rel_tt,K8-1gYu-4dk,Trailer,,1,
foreign-affair_1948,A Foreign Affair,A Foreign Affair,wilder-billy,1948-06-30,116,USA,Romance-Comedy,http://www.imdb.com/title/tt0040367/?ref_=ttrel_rel_tt,jbfODUMJMxc,Marlene Dietrich - A Foreign Affair,,1,
blood-on-the-moon,Blood on the Moon,Blood on the Moon,wise-robert,1948-11-11,88,USA,Western,http://www.imdb.com/title/tt0040175/?ref_=ttrel_rel_tt,467PwKFygbE,Blood on the Moon (1948) - Fight Scene,,1,
i-want-to-live_1958,I Want to Live!,I Want to Live!,wise-robert,1958-11-11,120,USA,Crime-Biography-Drama,http://www.imdb.com/title/tt0051758/?ref_=ttrel_rel_tt,fMUmX7B5gOk,Trailer,,1,
as-tears-go-by_1988,As Tears Go By,Wang Jiao ka men,wong-kar-wai,1988-06-09,102,Hong Kong,Drama-Crime,http://www.imdb.com/title/tt0096461/?ref_=fn_al_tt_1,uFqXPixO7Tc,Trailer,,1,
big-country,The Big Country,The Big Country,wyler-william,1958-08-13,166,USA,Romance-Western,http://www.imdb.com/title/tt0051411/?ref_=ttrel_rel_tt,J6J-ScXKzQE,Trailer,,1,
zatoichi-and-the-fugitives,Zatoichi and the Fugitives,Zatôichi hatashi-jô,yasuda-kimiyoshi,1968-08-10,82,Japan,Action-Adventure-Drama,http://www.imdb.com/title/tt0063835/?ref_=ttrel_rel_tt,nWQMYgFkpzw,Zatoichi and Fugitives (1968) - summary,,1,
bullitt,Bullitt,Bullitt,yates-peter,1968-10-17,113,USA,Crime-Action,http://www.imdb.com/title/tt0062765/?ref_=ttrel_rel_tt,BsvD806qNM8,Trailer,,1,
blob_1958,The Blob,The Blob,yeaworth-jr-irvin-s,1958-09-12,86,USA,Science Fiction-Horror,http://www.imdb.com/title/tt0051418/?ref_=ttrel_rel_tt,GODDLgM1gKo,The Blob (1958) - At the Movies,,1,
drunken-master,Drunken Master,Zui quan,yuen-woo-ping,1978-10-05,107,Hong Kong,Comedy-Action,http://www.imdb.com/title/tt0080179/?ref_=ttrel_rel_tt,WSu-9X8NF9k,DRUNKEN MASTER - Trailer - Eurekaentertainment,,1,
searching-for-bobby-fischer,Searching for Bobby Fischer,Searching for Bobby Fischer,zaillian-steven,1993-08-11,110,USA,Drama,http://www.imdb.com/title/tt0108065/?ref_=ttrel_rel_tt,8khmNiamBxo,Trailer,,1,
who-framed-roger-rabbit,Who Framed Roger Rabbit?,Who Framed Roger Rabbit?,zemeckis-robert,1988-06-21,103,USA,Mystery-Comedy-Animated,http://www.imdb.com/title/tt0096438/?ref_=ttrel_rel_tt,fIXAT6fGUw4,Jessica Rabbit - Why Don't You Do Right? (HD),,1,
on-the-silver-globe,On the Silver Globe,Na srebrnym globie,zulawski-andrzej,1988-05-12,166,Poland,Adventure-Fantasy-Sci-Fi,http://www.imdb.com/title/tt0093593/?ref_=ttrel_rel_tt,HFf5BGNpnJ0,Trailer,,1,